username;date;retweets;favorites;text;geo;mentions;hashtags;id;permalink;
quintDESIGN;20/04/2015 20:54;1;0;The calm before the storm... #stormclouds #sydneyoperahouse #cityofsydney #ilovesydney #sydney #australia #clouds ... http:// fb.me/3LfpCSqit;;;#stormclouds #sydneyoperahouse #cityofsydney #ilovesydney #sydney #australia #clouds;5,90303E+17;https://twitter.com/quintDESIGN/status/590302544490016768;
BevanShields;20/04/2015 20:40;21;19;FYI: Sydney Opera House 'surfing' video is a fake. First did the rounds in 2012 https://www. youtube.com/watch?v=wl7r79 ujebQ … #sydneystorm pic.twitter.com/Wh7IBKYM0p;;;#sydneystorm;5,90299E+17;https://twitter.com/BevanShields/status/590299014593060864;
hannahh_cox;20/04/2015 20:28;0;1;I wanna go to the Sydney Opera House;;;;5,90296E+17;https://twitter.com/hannahh_cox/status/590296044375777280;
AussieScenes;20/04/2015 20:21;0;0;At http:// iqboom.com/australia -- Catch ya later #australia . #Sydney #sydneyoperahouse #vacationisover #itsbeenagoodone pic.twitter.com/1pkkHm9jnD;;;#australia #Sydney #sydneyoperahouse #vacationisover #itsbeenagoodone;5,90294E+17;https://twitter.com/AussieScenes/status/590294250962694144;
daveulloa;20/04/2015 20:08;0;2;So much to see, do and experience. The same architect who created the Sydney Opera House created the… https:// instagram.com/p/1tvLCYieiH/;;;;5,90291E+17;https://twitter.com/daveulloa/status/590291087341805568;
ShreyaParanjape;20/04/2015 19:44;0;2;Could get used to this view... Standing out even in this stormy weather- the Sydney Opera House @… https:// instagram.com/p/1tsaYMyd5Y/;;@;;5,90285E+17;https://twitter.com/ShreyaParanjape/status/590285017173118976;
TravelDealsInt;20/04/2015 19:28;0;0;Worlds Cheapest Flights: http:// bit.ly/Cheap_Flights_ SpecialOffer … harbour daze Sydney Opera House and the Sydney Harbour Bridge fr… pic.twitter.com/IgLf1J6Gi6;;;;5,90281E+17;https://twitter.com/TravelDealsInt/status/590280795971047424;
WyldeSoul;20/04/2015 18:42;0;0;Help make it happen for 'Ken Lavigne - Sydney Opera House Debut 2015!' http:// igg.me/p/ken-lavigne- sydney-opera-house-debut-2015/a2b4/7799143 … #indiegogo via @indiegogo;;@indiegogo;#indiegogo;5,90269E+17;https://twitter.com/WyldeSoul/status/590269359676739584;
Carly_Clarke;20/04/2015 18:21;0;0;Sydney Opera house from the Manly ferry Sunday morning. #Australia #picaday #catchup https:// instagram.com/p/1ti3XVS5zg/;;;#Australia #picaday #catchup;5,90264E+17;https://twitter.com/Carly_Clarke/status/590264025616932864;
AussieScenes;20/04/2015 18:17;0;0;At http:// iqboom.com/australia -- Typical Tourist Snap #sydneyoperahouse #sydney #sky #prettyview #sunset #travels pic.twitter.com/B1xtAwNa5t;;;#sydneyoperahouse #sydney #sky #prettyview #sunset #travels;5,90263E+17;https://twitter.com/AussieScenes/status/590263018044399617;
ShareVacayPics;20/04/2015 17:23;0;0;The World Famous Sydney Opera House . http:// bit.ly/KidyRB #Australia #vacation;;;#Australia #vacation;5,90249E+17;https://twitter.com/ShareVacayPics/status/590249364439883777;
Sydneyinframe;20/04/2015 17:12;0;0;Sydneyinframe wesite Sydney opera house : Check out these Sydney Opera House images: Sydney opera house Image b... http:// bit.ly/1D8xmhc;;;;5,90247E+17;https://twitter.com/Sydneyinframe/status/590246753644871680;
amalt;20/04/2015 16:24;0;0;Did you know Sydney Opera House isn't actually pure white—the tiles are in a chevron pattern? So Pinteresty. https://www. google.com/search?q=sydne y+opera+house+shells+up+close&espv=2&biw=1561&bih=811&source=lnms&tbm=isch&sa=X&ei=ElI1Vbu2GfDbsASh5IGYBw&ved=0CAYQ_AUoAQ …;;;;5,90235E+17;https://twitter.com/amalt/status/590234558915866626;
nickbond1986;20/04/2015 15:24;0;0;#NowPlaying Fall At Your Feet - Live At Sydney Opera House ;" 2006 Remastered Version"" by Crowded House from Farewell… http:// spoti.fi/StzR8M""";;;#NowPlaying;5,90219E+17;https://twitter.com/nickbond1986/status/590219427657994240
AustraliaMusics;20/04/2015 15:04;1;0;#Australia #Hobart 24 Apr, NSW: ANZAC Day Salute - Centenary Concert: Venue: Sydney Opera House , Concert Hall.... http:// bit.ly/u0IKLH;;;#Australia #Hobart;5,90214E+17;https://twitter.com/AustraliaMusics/status/590214416878080000;
John_M_Bailey;20/04/2015 14:49;0;0;'Investigation Of Seakeeping Characteristics Of Sydney Opera House ' by Andrei SKY - http:// fineartamerica.com/featured/inves tigation-of-seakeeping-characteristics-of-sydney-opera-house-andrei-sky.html …;;;;5,90211E+17;https://twitter.com/John_M_Bailey/status/590210620630380544;
Collins_Center;20/04/2015 14:02;0;0;The Ukulele Orchestra has sold out shows at Carnegie Hall, the Sydney Opera House and more acclaimed venues! 4/23 @7 http:// ow.ly/LRvwz;;@7;;5,90199E+17;https://twitter.com/Collins_Center/status/590198861605507072;
AussieScenes;20/04/2015 14:01;0;0;At http:// iqboom.com/australia -- Aida #Verdi #triunfante #powerful #sydneyoperahouse #handaopera #sydneyharbour pic.twitter.com/THRVeCd7XV;;;#Verdi #triunfante #powerful #sydneyoperahouse #handaopera #sydneyharbour;5,90199E+17;https://twitter.com/AussieScenes/status/590198640339197954;
ziquyou;20/04/2015 13:30;0;0;There is still some time to see 'Giselle' at #SydneyOperaHouse . #culture http:// buff.ly/1HyRcHD pic.twitter.com/VJdx8ooyfj;;;#SydneyOperaHouse #culture;5,90191E+17;https://twitter.com/ziquyou/status/590190833254694913;
AdamForTheTruth;20/04/2015 12:28;0;0;The world famous Sydney Opera House in Australia. http:// dld.bz/b9ddB #Australia;;;#Australia;5,90175E+17;https://twitter.com/AdamForTheTruth/status/590175128664854528;
PhuketDailyNews;20/04/2015 11:56;0;0;City photo spots Popular on 500px : Sydney Opera House by Joeyjoejoe #city #photography pic.twitter.com/mlrmJdZkbn;;;#city #photography;5,90167E+17;https://twitter.com/PhuketDailyNews/status/590167228953325568;
AussieScenes;20/04/2015 11:30;0;0;At http:// iqboom.com/australia -- Welcome to Sydney!!!!! #sydneyoperahouse #sydney pic.twitter.com/1H0zqk1vcQ;;;#sydneyoperahouse #sydney;5,90161E+17;https://twitter.com/AussieScenes/status/590160587428077570;
AussieScenes;20/04/2015 11:30;0;0;At http:// iqboom.com/australia -- My very handsome brother. My kuya @henriv2 . #SydneyOperaHouse pic.twitter.com/NZ8ncPTWtz;;@henriv2;#SydneyOperaHouse;5,90161E+17;https://twitter.com/AussieScenes/status/590160577793826816;
Alucobond;20/04/2015 11:16;0;1;MT: @SustainableTall Architectural model, #Sydney Opera House, wood / plastic, constructed by Finecraft Scale Models pic.twitter.com/6TbUXAaIja;;@SustainableTall;#Sydney;5,90157E+17;https://twitter.com/Alucobond/status/590156979974189056;
MepadiL;20/04/2015 10:36;0;0;Fossil fuel companies extract enough gas2 fill the Sydney Opera House 4.0 times a second http://www. theguardian.com/keep-it-in-the -ground … #keepitintheground #Fracking;;;#keepitintheground #Fracking;5,90147E+17;https://twitter.com/MepadiL/status/590147112328777728;
LantaPlowden;20/04/2015 10:36;0;0;@plcllgn9 @sianpenny isn't that Brunswick dock? they photoshopped the Sydney Opera House into an area next to Toxteth...<3;;@plcllgn9 @sianpenny;;5,90147E+17;https://twitter.com/LantaPlowden/status/590147099351736322;
LindaRiseley;20/04/2015 09:45;0;0;I Love Sydney so much! #sydneyoperahouse #waterfront 95X141cm pic.twitter.com/Qv1tmlx8DK;;;#sydneyoperahouse #waterfront;5,90134E+17;https://twitter.com/LindaRiseley/status/590134290882539520;
AussieScenes;20/04/2015 09:23;0;0;At http:// iqboom.com/australia -- Sydney #sydneyoperahouse #backpacking#australia pic.twitter.com/cdwzIVX6x6;;;#sydneyoperahouse #backpacking #australia;5,90129E+17;https://twitter.com/AussieScenes/status/590128599539261441;
DavidMa91162952;20/04/2015 08:38;0;0;Fine Art Photography, Sydney Opera House Sails in Black and White Large Wall Art Print by downunders http:// pinterest.com/pin/2519207914 2569917/ …;;;;5,90117E+17;https://twitter.com/DavidMa91162952/status/590117399069876224;
royteuge;20/04/2015 08:36;0;0;Met de boy @Sydney Opera House https:// instagram.com/p/1sf_B7BSiT/;;@Sydney;;5,90117E+17;https://twitter.com/royteuge/status/590116951629889537;
FotoHug;20/04/2015 08:05;1;1;Roof of #Sydney Opera House... http:// fotohug.com/2015/04/19/rou nd-shapes-of-the-roof-of-sydney-opera-house/ … #photography #photos #architecture #art #Australia @k009034;;@k009034;#Sydney #photography #photos #architecture #art #Australia;5,90109E+17;https://twitter.com/FotoHug/status/590109094926749696;
ManarAlahwal;20/04/2015 07:58;0;0;#Sydney_live #SydneyWeather can anyone please take some pictures of the Sydney opera house;;;#Sydney_live #SydneyWeather;5,90107E+17;https://twitter.com/ManarAlahwal/status/590107167253901312;
fatindinni;20/04/2015 07:38;0;0;sydney opera house now !!!!;;;;5,90102E+17;https://twitter.com/fatindinni/status/590102178078982144;
MManr456;20/04/2015 07:31;0;1;What #is #Islam ? http:// islamreligion.com pic.twitter.com/fbNyQ2b0Hh #love #soul #kiss #movies #sydneytraffic #sydneystorm #sydneyoperahouse ¥;;;#is #Islam #love #soul #kiss #movies #sydneytraffic #sydneystorm #sydneyoperahouse;5,901E+17;https://twitter.com/MManr456/status/590100376902193152;
iGas2;20/04/2015 06:45;0;0;Still tix available for May 20 @Atul_Gawande Sydney Opera House gig with @normanswan #onenottomiss;;@Atul_Gawande @normanswan;#onenottomiss;5,90089E+17;https://twitter.com/iGas2/status/590088929677680640;
k009034;20/04/2015 06:36;0;0;A couple walking on the pier right next to the Sydney Opera House . https://www. colourbox.com/image/a-couple -walking-on-the-pier-right-next-to-the-sydney-opera-house-the-harbour-bridge-forms-a-nice-frame-above-them-must-be-a-popular-place-to-have-a-walk-image-13294721?ver=b&utm_expid=22365066-58.v-3AC9HPS7Cpc4GJpp1ntA.1&utm_referrer=https%3A%2F%2Fwww.colourbox.com%2Fsupplier%2Fjukka-heinovirta-83977 … #travel #australia #sydney;;;#travel #australia #sydney;5,90087E+17;https://twitter.com/k009034/status/590086520121491456;
TheAurelius4;20/04/2015 06:00;0;0;Sydney Opera House at night https:// instagram.com/p/1sOHG6KL6S/;;;;5,90078E+17;https://twitter.com/TheAurelius4/status/590077646618374144;
AguirreDeLeon;20/04/2015 05:48;0;0;AIDA ON SYDNEY HARBOUR:THE BEST OPERA STAGE IN THE WORLD: WITH THE SYDNEY SKYLINE AND THE SYDNEY OPERA HOUSE CREATING A STUNNING BACKGROUND!;;;;5,90075E+17;https://twitter.com/AguirreDeLeon/status/590074591776612352;
HollyClarkEdu;20/04/2015 05:18;0;0;I'm at Sydney Opera House - @sohnews in Sydney, NSW http:// j.mp/1HneEY2;;@sohnews;;5,90067E+17;https://twitter.com/HollyClarkEdu/status/590067043510177792;
AussieScenes;20/04/2015 04:57;0;0;At http:// iqboom.com/australia -- Ahh Monday #sydney #sydneyoperahouse #sydneyharbourbridge #monday pic.twitter.com/QMZvnGkJ0T;;;#sydney #sydneyoperahouse #sydneyharbourbridge #monday;5,90062E+17;https://twitter.com/AussieScenes/status/590061657159823360;
kohsamuibulldog;20/04/2015 04:00;0;0;Lovely wet day here at #sydneyoperahouse #nsw #pubtime #homewardbound pic.twitter.com/51zhHGroWy;;;#sydneyoperahouse #nsw #pubtime #homewardbound;5,90047E+17;https://twitter.com/kohsamuibulldog/status/590047482496753664;
SydneyAffairs;20/04/2015 03:55;0;0;Raw Video: http:// ow.ly/LgNoB Sydney Opera House Vivid Sydney #travel #holiday #attraction #sydney pic.twitter.com/A853I57IYp;;;#travel #holiday #attraction #sydney;5,90046E+17;https://twitter.com/SydneyAffairs/status/590046024619679744;
bitchinbronnie;20/04/2015 03:38;1;0;Add to bucket list: go to Sydney opera house;;;;5,90042E+17;https://twitter.com/bitchinbronnie/status/590041824162623488;
AussieScenes;20/04/2015 03:33;0;0;At http:// iqboom.com/australia -- Round Shapes Of The Roof Of Sydney Opera House by Jukka Heinovirta on … pic.twitter.com/WvD9y1jvwm;;;;5,90041E+17;https://twitter.com/AussieScenes/status/590040626516860928;
AussieScenes;20/04/2015 03:33;0;0;At http:// iqboom.com/australia -- Aerial shot #Sydneyoperahouse #harbourbridge , such a #tourist pic.twitter.com/JpmFHFUPgk;;;#Sydneyoperahouse #harbourbridge #tourist;5,90041E+17;https://twitter.com/AussieScenes/status/590040612637913089;
k009034;20/04/2015 02:40;0;1;Round Shapes Of The Roof Of Sydney Opera House by Jukka Heinovirta on http:// ift.tt/1Jligsr … pic.twitter.com/hXDA1CE4vn;;;;5,90027E+17;https://twitter.com/k009034/status/590027293151645696;
AussieScenes;20/04/2015 02:32;0;0;At http:// iqboom.com/australia -- Majestic view of #sydneyoperahouse #sydneyharbour #manlyfastferry pic.twitter.com/WeNTtJixjw;;;#sydneyoperahouse #sydneyharbour #manlyfastferry;5,90025E+17;https://twitter.com/AussieScenes/status/590025113527001088;
Australiacars;20/04/2015 02:24;0;0;Be a part of #SydneyComedyFestival Gala on 22 Apr at Sydney Opera House with http://www. australiarentcar.com/sydney-city.ht ml … pic.twitter.com/KQOTDvW4J2;;;#SydneyComedyFestival;5,90023E+17;https://twitter.com/Australiacars/status/590023105273143296;
kathleennowenn;20/04/2015 02:16;0;0;When I go to Australia the first thing I want to do is see a concert or opera in the Sydney Opera House;;;;5,90021E+17;https://twitter.com/kathleennowenn/status/590021302506881024;
coolaustralia;20/04/2015 02:03;1;0;Term 2 Toolkit - NAPLAN prep support, Professional Development courses and the Sydney Opera House Fanfare Competition http:// us6.campaign-archive1.com/?u=ea8582a0d88 619148005b40eb&id=2a39b196df …;;;;5,90018E+17;https://twitter.com/coolaustralia/status/590017901840576512;
heydeehowyndham;20/04/2015 01:55;0;0;As promised!! Our Aljin Abella update! ☆Monkey Magic☆ On stage at Sydney Opera House ! http:// fb.me/7q8rMoOzy;;;;5,90016E+17;https://twitter.com/heydeehowyndham/status/590015857960554496;
IsalelNZ;20/04/2015 00:48;0;0;Majestic view of #sydneyoperahouse #sydneyharbour #manlyfastferry @Sydney Harbour https:// instagram.com/p/1rqZW4JTFn/;;@Sydney;#sydneyoperahouse #sydneyharbour #manlyfastferry;5,89999E+17;https://twitter.com/IsalelNZ/status/589999108800274432;
SamiaArslane;20/04/2015 00:24;0;1;oh-oh rainy day in Sydney! #Sydney #Australia fssydney #sydneyoperahouse #harbour #rain … https:// instagram.com/p/1rnrEmgNax/;;;#Sydney #Australia #sydneyoperahouse #harbour #rain;5,89993E+17;https://twitter.com/SamiaArslane/status/589993121137750016;
ryanjohnsonuk;20/04/2015 00:23;2;2;The iconic Sydney Opera House in Australia pic.twitter.com/TtDJZ2jelk;;;;5,89993E+17;https://twitter.com/ryanjohnsonuk/status/589992774545485824;
livewireprod;20/04/2015 00:23;0;0;Filming today at the #KHLInsights2014 Launch. #sydneyoperahouse;;;#KHLInsights2014 #sydneyoperahouse;5,89993E+17;https://twitter.com/livewireprod/status/589992758485590017;
AussieScenes;20/04/2015 00:10;0;0;At http:// iqboom.com/australia -- Monday morning #ferry #rain #sydneyharbour #sydneyoperahouse #pic.twitter.com/RhOOvpT8mv;;;#ferry #rain #sydneyharbour #sydneyoperahouse #pic;5,89989E+17;https://twitter.com/AussieScenes/status/589989455433457664;
fliiby;20/04/2015 00:02;0;0;A couple walking on the pier right next to the#Sydney Opera House , #Australia http:// buff.ly/1yIWbE6 ... http:// fb.me/1KtjZdeV7;;;#Sydney #Australia;5,89987E+17;https://twitter.com/fliiby/status/589987382822367232;
fliiby;19/04/2015 23:59;0;0;A couple walking on the pier right next to the#Sydney Opera House , #Australia http:// buff.ly/1yIWbE1 #photography #photo #fliiby;;;#Sydney #Australia #photography #photo #fliiby;5,89987E+17;https://twitter.com/fliiby/status/589986650282930176;
digital_nsw;19/04/2015 23:50;0;0;Sydney Opera House are looking for a Digital Coordinator, Talks & Ideas. More at http:// jobs.nsw.gov.au - job ref 00003LQZ;;;;5,89985E+17;https://twitter.com/digital_nsw/status/589984556981166080;
244156571;19/04/2015 23:42;0;0;Sydney opera house ！ pic.twitter.com/rz7YYCJ8Fn;;;;5,89982E+17;https://twitter.com/244156571/status/589982372826730496;
booknymph;19/04/2015 23:19;1;2;Me: *arrives in Australia* Parents: so you wanna see The Sydney Opera House or how about-? Me: JO! *whistles for cab* JOJOJO BYE MOM SEE YA;;;;5,89977E+17;https://twitter.com/booknymph/status/589976768796352514;
traceygillinder;19/04/2015 23:03;0;0;Thank you to the incredible #SydneyOperaHouse staff who went above & beyond for today's… https:// instagram.com/p/1reW5yleRE/;;;#SydneyOperaHouse;5,89973E+17;https://twitter.com/traceygillinder/status/589972636962283520;
GeorgianaArt;19/04/2015 22:33;1;1;#Sydney #Opera House At Dusk Fine #Art Prints and Posters for Sale http:// owl.li/IMGoz;;;#Sydney #Opera #Art;5,89965E+17;https://twitter.com/GeorgianaArt/status/589965069032665089;
ambientabbot;19/04/2015 22:11;0;1;"@pinktaxiblogger Sydney Opera House ;-)";;@pinktaxiblogger;;5,89959E+17;https://twitter.com/ambientabbot/status/589959420051906561;
elliepeggyrose;19/04/2015 22:10;0;0;@naomicush peepin n creepin on the big house #Sydney #Opera #House https:// instagram.com/p/1rYPRtxK9S/;;@naomicush;#Sydney #Opera #House;5,89959E+17;https://twitter.com/elliepeggyrose/status/589959180108324864;
DeltaFireAU;19/04/2015 21:00;0;0;Delta Fire & Safety NSW have provided the well known landmark, The Sydney Opera House , with a new fire protection... http:// fb.me/7gun02V5L;;;;5,89942E+17;https://twitter.com/DeltaFireAU/status/589941561108013057;
AussieScenes;19/04/2015 20:55;0;0;At http:// iqboom.com/australia -- Being a typical tourist because why not? #sydneyoperahouse pic.twitter.com/pIYnugQ0JU;;;#sydneyoperahouse;5,8994E+17;https://twitter.com/AussieScenes/status/589940393422258176;
AbsoluteJOY2u;19/04/2015 20:42;0;0;Video: Youre just beautiful! #sydneyoperahouse #sydney #australia http:// tmblr.co/ZJP4Rx1iraQIU;;;#sydneyoperahouse #sydney #australia;5,89937E+17;https://twitter.com/AbsoluteJOY2u/status/589937098699968512;
AbsoluteJOY2u;19/04/2015 20:42;0;0;Youre just beautiful! #sydneyoperahouse #sydney #australia https:// instagram.com/p/1rOMh6IKoh/;;;#sydneyoperahouse #sydney #australia;5,89937E+17;https://twitter.com/AbsoluteJOY2u/status/589937096229543936;
traceygillinder;19/04/2015 20:33;1;0;It's nearly go time! #kidshelplineAU #KHLnotalone #KHLInsights2014 #Sydney #SydneyOperaHouse @Sydney… https:// instagram.com/p/1rNN4QleUS/;;@Sydney;#kidshelplineAU #KHLnotalone #KHLInsights2014 #Sydney #SydneyOperaHouse;5,89935E+17;https://twitter.com/traceygillinder/status/589934943138160640;
AussieScenes;19/04/2015 20:23;0;0;At http:// iqboom.com/australia -- What a dull day! #sydneyoperahouse #weather pic.twitter.com/vg0d1jaQbT;;;#sydneyoperahouse #weather;5,89932E+17;https://twitter.com/AussieScenes/status/589932348881375233;
TravelingCarson;19/04/2015 20:21;0;0;Traveling Carson visits the Sydney Opera House ! @CarsonDaly @NBCTheVoice @nbc @TODAYshow #travelingcarson #carsondaly pic.twitter.com/RStwrBpDkg;;@CarsonDaly @NBCTheVoice @nbc @TODAYshow;#travelingcarson #carsondaly;5,89932E+17;https://twitter.com/TravelingCarson/status/589931865437405185;
sunriseon7;19/04/2015 20:09;0;5;See @nelsonaspen LIVE at the Sydney Opera House ! Ticket information here: https:// au.tv.yahoo.com/sunrise/a/2630 0265/nelson-aspen-the-songs-the-stars-the-scoops/ … pic.twitter.com/ipuDkG58Jd;;@nelsonaspen;;5,89929E+17;https://twitter.com/sunriseon7/status/589928881777344512;
superfurryandy;19/04/2015 19:48;0;0;Paul Robeson sings for the workers at Sydney Opera House - YouTube - https:// m.youtube.com/watch?v=Eg7bPg rosAE …;;;;5,89924E+17;https://twitter.com/superfurryandy/status/589923626629083136;
simuddell;19/04/2015 19:09;0;0;What a dull day today! #sydneyoperahouse #rain pic.twitter.com/96w0qslOGi;;;#sydneyoperahouse #rain;5,89914E+17;https://twitter.com/simuddell/status/589913765191094273;
stevekrohn;19/04/2015 19:05;0;0;Round Shapes Of The Roof Of Sydney Opera House by Jukka Heinovirta @_Akanshagautam @Applebees @SusanGilbert @drkent … pic.twitter.com/iXIKlhHeqY;;@_Akanshagautam @Applebees @SusanGilbert @drkent;;5,89913E+17;https://twitter.com/stevekrohn/status/589912632049664000;
PTMNoble;19/04/2015 18:13;7;5;James Morrison rates @Ulumbarra Theatre #Bendigo acoustics better than SydneyOperaHouse @morrisontrumpet @TheAgeCritics @Bendigo_News;;@Ulumbarra @morrisontrumpet @TheAgeCritics @Bendigo_News;#Bendigo;5,899E+17;https://twitter.com/PTMNoble/status/589899616121786369;
ZachariaLewis;19/04/2015 17:36;0;1;@NateLevenGREAT first PE shows connection between Australia and NJ, spikes in signature represent Sydney Opera House pic.twitter.com/fILcCVs1ai;;@NateLevenGREAT;;5,8989E+17;https://twitter.com/ZachariaLewis/status/589890332390780931;
AussieScenes;19/04/2015 17:13;0;0;At http:// iqboom.com/australia -- Taken a selfie with the #SydneyOperaHouse pic.twitter.com/H0hxIXqeZk;;;#SydneyOperaHouse;5,89885E+17;https://twitter.com/AussieScenes/status/589884521119645698;
GeorgianaArt;19/04/2015 17:06;1;0;Sydney Opera House At Dusk Fine #Art Prints and Posters for Sale http:// owl.li/IItkv;;;#Art;5,89883E+17;https://twitter.com/GeorgianaArt/status/589882678872117248;
BluePrintArchi;19/04/2015 17:01;0;0;The roofs of the Sydney Opera House are covered in a total of 1056006 tiles!;;;;5,89882E+17;https://twitter.com/BluePrintArchi/status/589881581638180864;
AussieScenes;19/04/2015 16:42;0;0;At http:// iqboom.com/australia -- Typical #sydneyoperahouse #sydney #australia pic.twitter.com/aHchlcVEfW;;;#sydneyoperahouse #sydney #australia;5,89877E+17;https://twitter.com/AussieScenes/status/589876700126846976;
OwenPowellOP;19/04/2015 15:41;0;0;@ChalkieDavies @EmyrYoung @Chalkperson Can't wait. Your shot of Thin Lizzy at Sydney Opera House taken from the drum riser is rock!;;@ChalkieDavies @EmyrYoung @Chalkperson;;5,89861E+17;https://twitter.com/OwenPowellOP/status/589861287422722049;
pwquinn;19/04/2015 15:12;0;0;@HelenORahilly @markohalloran @PantiBliss and streamed live around the world: Sydney Opera House , Carnegie Hall, Roy Thompson Hall.;;@HelenORahilly @markohalloran @PantiBliss;;5,89854E+17;https://twitter.com/pwquinn/status/589854072926302208;
AussieScenes;19/04/2015 15:06;0;0;At http:// iqboom.com/visitaustralia -- Just me pretending that I am in #australia #sydneyoperahouse #sydney #koala pic.twitter.com/F7g6Hcu7o6;;;#australia #sydneyoperahouse #sydney #koala;5,89853E+17;https://twitter.com/AussieScenes/status/589852591003148288;
AussieScenes;19/04/2015 13:35;0;1;At http:// iqboom.com/visitaustralia -- With our friendly Tour Leader, Hendry Eka Putra. Along #sydneyoperahouse #mit2012 #s … pic.twitter.com/k5xRSCfHXI;;;#sydneyoperahouse #mit2012 #s;5,8983E+17;https://twitter.com/AussieScenes/status/589829785808990208;
AussieScenes;19/04/2015 13:35;1;1;At http:// iqboom.com/visitaustralia -- #sydneyoperahouse at night. #sydney #nsw #australia #igdaily #nofilter #galaxycamera pic.twitter.com/y1ra7AAxRy;;;#sydneyoperahouse #sydney #nsw #australia #igdaily #nofilter #galaxycamera;5,8983E+17;https://twitter.com/AussieScenes/status/589829778326315009;
TravelnPleasure;19/04/2015 13:32;8;5;Sydney Opera House Facts http:// goo.gl/RYupsm #travel #traveling #ttot #traveltips #worldtravel #travelskills pic.twitter.com/b90EI8DLQd;;;#travel #traveling #ttot #traveltips #worldtravel #travelskills;5,89829E+17;https://twitter.com/TravelnPleasure/status/589828882091487232;
JuanPDeAnda;19/04/2015 13:32;0;0;The Baha'i #LotusTemple was #India 's reaponse to the grandeur of the #SydneyOperaHouse . I think we… https:// instagram.com/p/1qc9gmK6ez/;;;#LotusTemple #India #SydneyOperaHouse;5,89829E+17;https://twitter.com/JuanPDeAnda/status/589828828840747009;
satyamarora1979;19/04/2015 13:02;0;0;I liked a @YouTube video http:// youtu.be/jMW03_WKljU?a The Ukulele Orchestra of Great Britain play Born This Way Live At Sydney Opera House;;@YouTube;;5,89821E+17;https://twitter.com/satyamarora1979/status/589821390942908416;
AussieScenes;19/04/2015 12:57;0;0;At http:// iqboom.com/visitaustralia -- #sydneyoperahouse #Sydney #australia #sundowners #unesco#world #heritage #site pic.twitter.com/bc7oHGKDBq;;;#sydneyoperahouse #Sydney #australia #sundowners #unesco #world #heritage #site;5,8982E+17;https://twitter.com/AussieScenes/status/589820132710608897;
DeclanRooney;19/04/2015 12:57;0;0;So, May 30. Morrissey at the Sydney Opera House then Villa in the #FACupFinal ! Now THAT is a massive night! #UTV #AVFC;;;#FACupFinal #UTV #AVFC;5,8982E+17;https://twitter.com/DeclanRooney/status/589820020118523904;
rajinsihombing;19/04/2015 12:46;0;0;lemes pak || The National-Vanderlyle Crybaby Geeks @Sydney Opera House 2014 https:// youtu.be/ZpRRRwCVsic via @YouTube;;@Sydney @YouTube;;5,89817E+17;https://twitter.com/rajinsihombing/status/589817360363618304;
Foreence342;19/04/2015 12:32;0;0;Largest Music Therapy Lesson by His Holiness Dr. Sri Ganapathy Sachchidananda Swamiji, held at Sydney Opera House ,… http:// ift.tt/1bgHrC4;;;;5,89814E+17;https://twitter.com/Foreence342/status/589813719787507712;
Hathimerent357;19/04/2015 12:31;0;0;Largest Music Therapy Lesson by His Holiness Dr. Sri Ganapathy Sachchidananda Swamiji, held at Sydney Opera House ,… http:// ift.tt/1bgHrC4;;;;5,89814E+17;https://twitter.com/Hathimerent357/status/589813685721440256;
Naing1955;19/04/2015 12:30;0;0;Largest Music Therapy Lesson by His Holiness Dr. Sri Ganapathy Sachchidananda Swamiji, held at Sydney Opera House ,… http:// ift.tt/1bgHrC4;;;;5,89813E+17;https://twitter.com/Naing1955/status/589813389884526592;
millyjennyx9643;19/04/2015 12:30;0;0;Largest Music Therapy Lesson by His Holiness Dr. Sri Ganapathy Sachchidananda Swamiji, held at Sydney Opera House ,… http:// ift.tt/1bgHrC4;;;;5,89813E+17;https://twitter.com/millyjennyx9643/status/589813337082454017;
xuansoui58674;19/04/2015 12:30;0;0;Largest Music Therapy Lesson by His Holiness Dr. Sri Ganapathy Sachchidananda Swamiji, held at Sydney Opera House ,… http:// ift.tt/1bgHrC4;;;;5,89813E+17;https://twitter.com/xuansoui58674/status/589813245415923712;
Cusuch1959;19/04/2015 12:30;0;0;Largest Music Therapy Lesson by His Holiness Dr. Sri Ganapathy Sachchidananda Swamiji, held at Sydney Opera House ,… http:// ift.tt/1bgHrC4;;;;5,89813E+17;https://twitter.com/Cusuch1959/status/589813224926773248;
Pluence1963;19/04/2015 12:30;0;0;Largest Music Therapy Lesson by His Holiness Dr. Sri Ganapathy Sachchidananda Swamiji, held at Sydney Opera House ,… http:// ift.tt/1bgHrC4;;;;5,89813E+17;https://twitter.com/Pluence1963/status/589813208870952961;
Formant3744;19/04/2015 12:29;0;0;Largest Music Therapy Lesson by His Holiness Dr. Sri Ganapathy Sachchidananda Swamiji, held at Sydney Opera House ,… http:// ift.tt/1bgHrC4;;;;5,89813E+17;https://twitter.com/Formant3744/status/589813013617704960;
Buthis2345;19/04/2015 12:29;0;0;Largest Music Therapy Lesson by His Holiness Dr. Sri Ganapathy Sachchidananda Swamiji, held at Sydney Opera House ,… http:// ift.tt/1bgHrC4;;;;5,89813E+17;https://twitter.com/Buthis2345/status/589812988829392897;
Tonew1966;19/04/2015 12:28;0;0;Largest Music Therapy Lesson by His Holiness Dr. Sri Ganapathy Sachchidananda Swamiji, held at Sydney Opera House ,… http:// ift.tt/1bgHrC4;;;;5,89813E+17;https://twitter.com/Tonew1966/status/589812831203303424;
maganmar76k56;19/04/2015 12:28;0;0;Largest Music Therapy Lesson by His Holiness Dr. Sri Ganapathy Sachchidananda Swamiji, held at Sydney Opera House ,… http:// ift.tt/1bgHrC4;;;;5,89813E+17;https://twitter.com/maganmar76k56/status/589812777046388736;
kamilno8475;19/04/2015 12:27;0;0;Largest Music Therapy Lesson by His Holiness Dr. Sri Ganapathy Sachchidananda Swamiji, held at Sydney Opera House ,… http:// ift.tt/1bgHrC4;;;;5,89812E+17;https://twitter.com/kamilno8475/status/589812449831952384;
Liffirtussis51;19/04/2015 12:26;0;0;Largest Music Therapy Lesson by His Holiness Dr. Sri Ganapathy Sachchidananda Swamiji, held at Sydney Opera House ,… http:// ift.tt/1bgHrC4;;;;5,89812E+17;https://twitter.com/Liffirtussis51/status/589812445503455232;
majoriewi324;19/04/2015 12:25;0;0;Largest Music Therapy Lesson by His Holiness Dr. Sri Ganapathy Sachchidananda Swamiji, held at Sydney Opera House ,… http:// ift.tt/1bgHrC4;;;;5,89812E+17;https://twitter.com/majoriewi324/status/589812192184299521;
Atuaturivess265;19/04/2015 12:25;0;0;Largest Music Therapy Lesson by His Holiness Dr. Sri Ganapathy Sachchidananda Swamiji, held at Sydney Opera House ,… http:// ift.tt/1bgHrC4;;;;5,89812E+17;https://twitter.com/Atuaturivess265/status/589812149695946752;
Actiumad34;19/04/2015 12:25;0;0;Largest Music Therapy Lesson by His Holiness Dr. Sri Ganapathy Sachchidananda Swamiji, held at Sydney Opera House ,… http:// ift.tt/1bgHrC4;;;;5,89812E+17;https://twitter.com/Actiumad34/status/589811975145836544;
julieannconk87;19/04/2015 12:25;0;0;Largest Music Therapy Lesson by His Holiness Dr. Sri Ganapathy Sachchidananda Swamiji, held at Sydney Opera House ,… http:// ift.tt/1bgHrC4;;;;5,89812E+17;https://twitter.com/julieannconk87/status/589811968057442304;
arlintpo37465;19/04/2015 12:25;0;0;Largest Music Therapy Lesson by His Holiness Dr. Sri Ganapathy Sachchidananda Swamiji, held at Sydney Opera House ,… http:// ift.tt/1bgHrC4;;;;5,89812E+17;https://twitter.com/arlintpo37465/status/589811951880052737;
Earry1975;19/04/2015 12:23;0;0;Largest Music Therapy Lesson by His Holiness Dr. Sri Ganapathy Sachchidananda Swamiji, held at Sydney Opera House ,… http:// ift.tt/1bgHrC4;;;;5,89811E+17;https://twitter.com/Earry1975/status/589811494147227649;
Prietimin35;19/04/2015 12:22;0;0;Largest Music Therapy Lesson by His Holiness Dr. Sri Ganapathy Sachchidananda Swamiji, held at Sydney Opera House ,… http:// ift.tt/1bgHrC4;;;;5,89811E+17;https://twitter.com/Prietimin35/status/589811433002655744;
Camesquill34;19/04/2015 12:22;0;0;Largest Music Therapy Lesson by His Holiness Dr. Sri Ganapathy Sachchidananda Swamiji, held at Sydney Opera House ,… http:// ift.tt/1bgHrC4;;;;5,89811E+17;https://twitter.com/Camesquill34/status/589811236432437250;
Cloned3457;19/04/2015 12:21;0;0;Largest Music Therapy Lesson by His Holiness Dr. Sri Ganapathy Sachchidananda Swamiji, held at Sydney Opera House ,… http:// ift.tt/1bgHrC4;;;;5,89811E+17;https://twitter.com/Cloned3457/status/589811058078003200;
Whousen47;19/04/2015 12:21;0;0;Largest Music Therapy Lesson by His Holiness Dr. Sri Ganapathy Sachchidananda Swamiji, held at Sydney Opera House ,… http:// ift.tt/1bgHrC4;;;;5,89811E+17;https://twitter.com/Whousen47/status/589811028369793024;
Mucked345;19/04/2015 12:21;0;0;Largest Music Therapy Lesson by His Holiness Dr. Sri Ganapathy Sachchidananda Swamiji, held at Sydney Opera House ,… http:// ift.tt/1bgHrC4;;;;5,89811E+17;https://twitter.com/Mucked345/status/589810961244102656;
Lery19638;19/04/2015 12:20;0;0;Largest Music Therapy Lesson by His Holiness Dr. Sri Ganapathy Sachchidananda Swamiji, held at Sydney Opera House ,… http:// ift.tt/1bgHrC4;;;;5,89811E+17;https://twitter.com/Lery19638/status/589810858810863616;
Publegi1934;19/04/2015 12:20;0;0;Largest Music Therapy Lesson by His Holiness Dr. Sri Ganapathy Sachchidananda Swamiji, held at Sydney Opera House ,… http:// ift.tt/1bgHrC4;;;;5,89811E+17;https://twitter.com/Publegi1934/status/589810717844512768;
arlintpo37465;19/04/2015 12:19;0;0;Largest Music Therapy Lesson by His Holiness Dr. Sri Ganapathy Sachchidananda Swamiji, held at Sydney Opera House ,… http:// ift.tt/1bgHrC4;;;;5,89811E+17;https://twitter.com/arlintpo37465/status/589810572432113664;
Cloned3457;19/04/2015 12:19;0;0;Largest Music Therapy Lesson by His Holiness Dr. Sri Ganapathy Sachchidananda Swamiji, held at Sydney Opera House ,… http:// ift.tt/1bgHrC4;;;;5,89811E+17;https://twitter.com/Cloned3457/status/589810500235620352;
Saylover345;19/04/2015 12:19;0;0;Largest Music Therapy Lesson by His Holiness Dr. Sri Ganapathy Sachchidananda Swamiji, held at Sydney Opera House ,… http:// ift.tt/1bgHrC4;;;;5,8981E+17;https://twitter.com/Saylover345/status/589810467599691776;
Anterevell5774;19/04/2015 12:18;0;0;Largest Music Therapy Lesson by His Holiness Dr. Sri Ganapathy Sachchidananda Swamiji, held at Sydney Opera House ,… http:// ift.tt/1bgHrC4;;;;5,8981E+17;https://twitter.com/Anterevell5774/status/589810364453269506;
Whegas1963;19/04/2015 12:18;0;0;Largest Music Therapy Lesson by His Holiness Dr. Sri Ganapathy Sachchidananda Swamiji, held at Sydney Opera House ,… http:// ift.tt/1bgHrC4;;;;5,8981E+17;https://twitter.com/Whegas1963/status/589810338968788993;
Whimad4573;19/04/2015 12:18;0;0;Largest Music Therapy Lesson by His Holiness Dr. Sri Ganapathy Sachchidananda Swamiji, held at Sydney Opera House ,… http:// ift.tt/1bgHrC4;;;;5,8981E+17;https://twitter.com/Whimad4573/status/589810322069966849;
losigiand_mike;19/04/2015 12:18;0;0;Largest Music Therapy Lesson by His Holiness Dr. Sri Ganapathy Sachchidananda Swamiji, held at Sydney Opera House ,… http:// ift.tt/1bgHrC4;;;;5,8981E+17;https://twitter.com/losigiand_mike/status/589810302570668032;
Hapsylle1934;19/04/2015 12:18;0;0;Largest Music Therapy Lesson by His Holiness Dr. Sri Ganapathy Sachchidananda Swamiji, held at Sydney Opera House ,… http:// ift.tt/1bgHrC4;;;;5,8981E+17;https://twitter.com/Hapsylle1934/status/589810263345475584;
Butim1939;19/04/2015 12:18;0;0;Largest Music Therapy Lesson by His Holiness Dr. Sri Ganapathy Sachchidananda Swamiji, held at Sydney Opera House ,… http:// ift.tt/1bgHrC4;;;;5,8981E+17;https://twitter.com/Butim1939/status/589810192440807425;
Anterevell5774;19/04/2015 12:17;0;0;Largest Music Therapy Lesson by His Holiness Dr. Sri Ganapathy Sachchidananda Swamiji, held at Sydney Opera House ,… http:// ift.tt/1bgHrC4;;;;5,8981E+17;https://twitter.com/Anterevell5774/status/589810161658757121;
Wair19323;19/04/2015 12:17;0;0;Largest Music Therapy Lesson by His Holiness Dr. Sri Ganapathy Sachchidananda Swamiji, held at Sydney Opera House ,… http:// ift.tt/1bgHrC4;;;;5,8981E+17;https://twitter.com/Wair19323/status/589810146773176321;
Archbitch;19/04/2015 11:39;0;0;I HAVE SUCH AWFUL LUCK WHEN IT COMES TO SEEING WORLD FAMOUS ORCHESTRAS ON THEIR TOURS TO THE SYDNEY OPERA HOUSE .;;;;5,898E+17;https://twitter.com/Archbitch/status/589800485080576000;
Archbitch;19/04/2015 11:37;0;0;I'm still upset I've missed the Vienna Phil, the Berlin Phil, the Royal Concertgebouw, and the London Symphony at the Sydney Opera House .;;;;5,898E+17;https://twitter.com/Archbitch/status/589799993503916032;
AussieScenes;19/04/2015 11:36;0;0;At http:// iqboom.com/visitaustralia -- This view will never get old. I Sydney #sydney #sydneyoperahouse pic.twitter.com/Z7STn6uXru;;;#sydney #sydneyoperahouse;5,898E+17;https://twitter.com/AussieScenes/status/589799798359908352;
AussieScenes;19/04/2015 11:02;0;0;At http:// iqboom.com/visitaustralia -- Playing around on my phone #sydneyoperahouse pic.twitter.com/T2wEZeAjds;;;#sydneyoperahouse;5,89791E+17;https://twitter.com/AussieScenes/status/589791178188529665;
AussieScenes;19/04/2015 10:33;0;0;At http:// iqboom.com/visitaustralia -- Epic tourist photo #SydneyOperaHouse pic.twitter.com/p1lDkoz0GS;;;#SydneyOperaHouse;5,89784E+17;https://twitter.com/AussieScenes/status/589783862538035200;
hani_marcus;19/04/2015 10:24;0;1;@OperaAustralia great performance of Aida today overlooking the Sydney Opera House pic.twitter.com/42ciZSdVec;;@OperaAustralia;;5,89782E+17;https://twitter.com/hani_marcus/status/589781516181340160;
schatzy_01;19/04/2015 10:16;0;0;I’m interested in TV On the Radio @Concert Hall, Sydney Opera House . https://www. songkick.com/concerts/23349 393-tv-on-the-radio-at-concert-hall-sydney-opera-house?utm_content=ZD0yNDU3MTMyJnU9MTUwMDIzNTM%3D&utm_source=twitter&utm_medium=auto-share&utm_campaign=auto-share …;;@Concert;;5,8978E+17;https://twitter.com/schatzy_01/status/589779615595495424;
schatzy_01;19/04/2015 10:16;0;0;I’m interested in TV On the Radio @Concert Hall, Sydney Opera House . https://www. songkick.com/concerts/23349 388-tv-on-the-radio-at-concert-hall-sydney-opera-house?utm_content=ZD0yNDU3MTMyJnU9MTUwMDIzNTM%3D&utm_source=twitter&utm_medium=auto-share&utm_campaign=auto-share …;;@Concert;;5,8978E+17;https://twitter.com/schatzy_01/status/589779599703351296;
schatzy_01;19/04/2015 10:16;0;0;I’m interested in Flume @Forecourt, Sydney Opera House . https://www. songkick.com/concerts/23336 058-flume-at-forecourt-sydney-opera-house?utm_content=ZD0yNDU3MTMyJnU9MTUwMDIzNTM%3D&utm_source=twitter&utm_medium=auto-share&utm_campaign=auto-share …;;@Forecourt;;5,8978E+17;https://twitter.com/schatzy_01/status/589779579348393984;
schatzy_01;19/04/2015 10:16;0;0;I’m interested in Flume @Forecourt, Sydney Opera House . https://www. songkick.com/concerts/23336 063-flume-at-forecourt-sydney-opera-house?utm_content=ZD0yNDU3MTMyJnU9MTUwMDIzNTM%3D&utm_source=twitter&utm_medium=auto-share&utm_campaign=auto-share …;;@Forecourt;;5,8978E+17;https://twitter.com/schatzy_01/status/589779563594571778;
schatzy_01;19/04/2015 10:16;0;0;I’m interested in Sufjan Stevens @Concert Hall, Sydney Opera House . https://www. songkick.com/concerts/23288 168-sufjan-stevens-at-concert-hall-sydney-opera-house?utm_content=ZD0yNDU3MTMyJnU9MTUwMDIzNTM%3D&utm_source=twitter&utm_medium=auto-share&utm_campaign=auto-share …;;@Concert;;5,8978E+17;https://twitter.com/schatzy_01/status/589779560444665857;
schatzy_01;19/04/2015 10:16;0;0;I’m interested in Sufjan Stevens @Concert Hall, Sydney Opera House . https://www. songkick.com/concerts/23288 163-sufjan-stevens-at-concert-hall-sydney-opera-house?utm_content=ZD0yNDU3MTMyJnU9MTUwMDIzNTM%3D&utm_source=twitter&utm_medium=auto-share&utm_campaign=auto-share …;;@Concert;;5,8978E+17;https://twitter.com/schatzy_01/status/589779544091000832;
schatzy_01;19/04/2015 10:16;0;0;I’m interested in Sufjan Stevens @Concert Hall, Sydney Opera House . https://www. songkick.com/concerts/23288 133-sufjan-stevens-at-concert-hall-sydney-opera-house?utm_content=ZD0yNDU3MTMyJnU9MTUwMDIzNTM%3D&utm_source=twitter&utm_medium=auto-share&utm_campaign=auto-share …;;@Concert;;5,8978E+17;https://twitter.com/schatzy_01/status/589779528387559424;
kirstiemccrum;19/04/2015 10:00;0;0;@alicia_ms Soaps? Sun? Sydney Opera House ?;;@alicia_ms;;5,89776E+17;https://twitter.com/kirstiemccrum/status/589775572269735937;
DearJanYanisa;19/04/2015 09:45;0;0;This is the Opera House!!! Finally I'm here @Sydney Opera House https:// instagram.com/p/1qDAFdgW-Q/;;@Sydney;;5,89772E+17;https://twitter.com/DearJanYanisa/status/589771741196595201;
ewanmclennan;19/04/2015 09:30;0;3;Just come across this footage of the mighty Paul Robeson singing to workers building the the Sydney Opera House . https://www. youtube.com/watch?v=Eg7bPg rosAE …;;;;5,89768E+17;https://twitter.com/ewanmclennan/status/589768012468719616;
roso1954;19/04/2015 09:30;0;2;snapharmony : Popular on 500px : Round Shapes Of The Roof Of Sydney Opera House by JukkaHeinovirta pic.twitter.com/LfUNlv4K7i;;;;5,89768E+17;https://twitter.com/roso1954/status/589767944231645184;
AussieScenes;19/04/2015 09:27;0;1;At http:// iqboom.com/visitaustralia -- The perfect companion to a junior tour #sydneyoperahouse #kidsontour #amandagore #gr … pic.twitter.com/VYfrGXrnMz;;;#sydneyoperahouse #kidsontour #amandagore #gr;5,89767E+17;https://twitter.com/AussieScenes/status/589767311739002880;
obedbanget;19/04/2015 09:21;0;0;#photooftheday #travelphotography : Round Shapes Of The Roof Of Sydney Opera House by JukkaHeinovirta pic.twitter.com/xNcIQ5C6iS;;;#photooftheday #travelphotography;5,89766E+17;https://twitter.com/obedbanget/status/589765701415632896;
snapharmony;19/04/2015 09:20;0;0;Popular on 500px : Round Shapes Of The Roof Of Sydney Opera House by JukkaHeinovirta pic.twitter.com/yeQdhlOwhU;;;;5,89765E+17;https://twitter.com/snapharmony/status/589765438738997249;
BoingGuayaba;19/04/2015 09:20;0;0;Round Shapes Of The Roof Of Sydney Opera House by JukkaHeinovirta ... The vastness of the great building can be see… pic.twitter.com/tneX1kujmT;;;;5,89765E+17;https://twitter.com/BoingGuayaba/status/589765432447541249;
azimov021;19/04/2015 09:17;0;0;Round Shapes Of The Roof Of Sydney Opera House by JukkaHeinovirta pic.twitter.com/u2jReCrJuh;;;;5,89765E+17;https://twitter.com/azimov021/status/589764668186558464;
PhuketDailyNews;19/04/2015 09:16;0;1;Travel Photo Popular on 500px : Round Shapes Of The Roof Of Sydney Opera House by JukkaHeinovirta #travel #travelpix pic.twitter.com/K2d2wB4D4d;;;#travel #travelpix;5,89764E+17;https://twitter.com/PhuketDailyNews/status/589764390515302401;
denisemejong;19/04/2015 09:13;0;0;the famous sydney opera house ..ganda diba?! #ozadventures #familyvacation @Sydney… http:// ln.is/instagram.com/ p/FG9dA …;;@Sydney;#ozadventures #familyvacation;5,89764E+17;https://twitter.com/denisemejong/status/589763785784762368;
ninhtran09;19/04/2015 09:10;0;1;Round Shapes Of The Roof Of Sydney Opera House http:// ift.tt/1aHEVU8 @JukkaHeinovirta @500px #Travel #Trending #… pic.twitter.com/JTXHrOxlCF;;@JukkaHeinovirta @500px;#Travel #Trending #;5,89763E+17;https://twitter.com/ninhtran09/status/589763000510316544;
alexbobadilla;19/04/2015 09:10;0;0;Round Shapes Of The Roof Of Sydney Opera House pic.twitter.com/m8AsVhVmkf;;;;5,89763E+17;https://twitter.com/alexbobadilla/status/589762932323577856;
allawadawa;19/04/2015 09:10;0;0;Popular on 500px : Round Shapes Of The Roof Of Sydney Opera House by JukkaHeinovirta http:// ift.tt/1aHEVU8 | pic.twitter.com/sQ09SYwvcW;;;;5,89763E+17;https://twitter.com/allawadawa/status/589762871963348992;
chimages;19/04/2015 09:06;0;0;The Sydney Opera House , took this shot quite a while ago, I don't know what angle I was going for, I… https:// instagram.com/p/1nMdEbS6Ms/;;;;5,89762E+17;https://twitter.com/chimages/status/589761920678416386;
k009034;19/04/2015 09:01;0;0;New on 500px: Round Shapes Of The Roof Of Sydney Opera House http:// ow.ly/2XAmih;;;;5,89761E+17;https://twitter.com/k009034/status/589760686722547712;
AussieScenes;19/04/2015 08:55;0;1;At http:// iqboom.com/visitaustralia -- Obviously. I had to take a photo of it. #sydney #sydneyoperahouse #sydneyharbour #s … pic.twitter.com/ZgAue25Yvm;;;#sydney #sydneyoperahouse #sydneyharbour #s;5,89759E+17;https://twitter.com/AussieScenes/status/589759272847876098;
chloe_ting;19/04/2015 08:47;3;8;Blogged #MBFWA day3 @Sydney Opera House ! Wearing @ZIMMERMANN_ dress, #Staplethelabel trench! http://www. chloeting.com/opera-house/ pic.twitter.com/XxnT6GTIgu;;@Sydney @ZIMMERMANN_;#MBFWA #Staplethelabel;5,89757E+17;https://twitter.com/chloe_ting/status/589757219928866817;
buywink1;19/04/2015 08:34;0;0;Make your kids learn more about the Sydney opera house with these lovely moulds to be filled by kinetic sand!... http:// fb.me/7w3RDhQnd;;;;5,89754E+17;https://twitter.com/buywink1/status/589753952905859073;
AussieScenes;19/04/2015 08:24;0;0;At http:// iqboom.com/visitaustralia -- Standing on the steps of the #sydneyoperahouse looking over the #sydneybotanicalgard … pic.twitter.com/m8PiUhqdLM;;;#sydneyoperahouse #sydneybotanicalgard;5,89751E+17;https://twitter.com/AussieScenes/status/589751464165244928;
AussieScenes;19/04/2015 08:24;0;0;At http:// iqboom.com/visitaustralia -- Wish I had @missmartin001 with me for my @boysinthebandau gig at #sydneyoperahouse M… pic.twitter.com/mH6BjB7ccb;;@missmartin001 @boysinthebandau;#sydneyoperahouse;5,89751E+17;https://twitter.com/AussieScenes/status/589751453910228992;
AussieScenes;19/04/2015 08:24;1;1;At http:// iqboom.com/visitaustralia -- Those #lovely humps #sydneyoperahouse #sydney #nightlife #ilovesydney @sydney pic.twitter.com/rBX9usO1HK;;@sydney;#lovely #sydneyoperahouse #sydney #nightlife #ilovesydney;5,89751E+17;https://twitter.com/AussieScenes/status/589751445894860800;
AussieScenes;19/04/2015 08:24;0;0;At http:// iqboom.com/visitaustralia -- Opera House. #sydneyoperahouse #operahouse #sydneyopera #somethingcool #nostalgia #s … pic.twitter.com/1nnyW12Jch;;;#sydneyoperahouse #operahouse #sydneyopera #somethingcool #nostalgia #s;5,89751E+17;https://twitter.com/AussieScenes/status/589751435866300416;
AbstractCode;19/04/2015 08:22;0;0;The phrase “Qantas hackathon” makes me think they’re running a contest to crash a 747 into the Sydney Opera House .;;;;5,89751E+17;https://twitter.com/AbstractCode/status/589751003307642880;
MissMartin001;19/04/2015 08:19;0;0;“ @SBMcLachlan : Wish I had @missmartin001 with me for my @boysinthebandau gig at #sydneyoperahouse Marquee https:// Instagram.com/p/1p5G36kAtb/ ”;;@SBMcLachlan @missmartin001 @boysinthebandau;#sydneyoperahouse;5,8975E+17;https://twitter.com/MissMartin001/status/589750259573661696;
SBMcLachlan;19/04/2015 08:18;0;2;Wish I had @missmartin001 with me for my @boysinthebandau gig at #sydneyoperahouse Marquee https:// instagram.com/p/1p5G36kAtb/;;@missmartin001 @boysinthebandau;#sydneyoperahouse;5,8975E+17;https://twitter.com/SBMcLachlan/status/589749984427438081;
velvettheshow;19/04/2015 08:06;1;5;Rechelle sung up a storm at the @adelaide_fringe, can't wait for our divas to reform at the Sydney Opera House ! pic.twitter.com/qBelVJ183a;;@adelaide_fringe;;5,89747E+17;https://twitter.com/velvettheshow/status/589746770093080576;
anagabrielaledo;19/04/2015 07:55;0;0;Via Stephen Hawking Excited to announce a second show at Sydney Opera House after the first one sold out so... http:// fb.me/7fSUnvTLO;;;;5,89744E+17;https://twitter.com/anagabrielaledo/status/589744014418702336;
AussieScenes;19/04/2015 07:52;0;0;At http:// iqboom.com/visitaustralia -- Another #dream is about to come true - #operaHouse #Sydney #SydneyOperaHouse #Concer … pic.twitter.com/HV0bP9FG45;;;#dream #operaHouse #Sydney #SydneyOperaHouse #Concer;5,89743E+17;https://twitter.com/AussieScenes/status/589743404608794625;
AussieScenes;19/04/2015 07:52;0;0;At http:// iqboom.com/visitaustralia -- Me and weaver #sundayfunday #my25thbirthday #sydneyharbor #sydneyoperahouse @ausbon1 … pic.twitter.com/z7t46n4ccu;;@ausbon1;#sundayfunday #my25thbirthday #sydneyharbor #sydneyoperahouse;5,89743E+17;https://twitter.com/AussieScenes/status/589743394605428736;
TravelnPleasure;19/04/2015 07:50;0;1;Sydney Opera House Facts http:// goo.gl/RYupsm #travel #traveling #ttot #traveltips #worldtravel #travelskills pic.twitter.com/jUtdZpUI8b;;;#travel #traveling #ttot #traveltips #worldtravel #travelskills;5,89743E+17;https://twitter.com/TravelnPleasure/status/589742780655644672;
sayak_kg3830;19/04/2015 07:46;0;1;In Sydney!! Opera House , Harbour Bridge And I could find Starbucks #Sydney#Opera House#day14 https:// instagram.com/p/1p1aGVk7bo/;;;#Sydney #Opera #day14;5,89742E+17;https://twitter.com/sayak_kg3830/status/589741848903733248;
IndianJasmine;19/04/2015 07:45;0;0;Beautiful stormy day by the #Sydney Opera House! If you dont yet, please follow me on Instagram: sarahalexandrageorge pic.twitter.com/CYgam2sUrt;;;#Sydney;5,89742E+17;https://twitter.com/IndianJasmine/status/589741651716743168;
WildGnirk24;19/04/2015 07:27;0;1;Currently sitting 100 meters from the Sydney Opera House drinking a beer #whatup;;;#whatup;5,89737E+17;https://twitter.com/WildGnirk24/status/589737164964954113;
AussieScenes;19/04/2015 07:20;0;0;At http:// iqboom.com/visitaustralia -- Token architectural tourist photo #sydneyoperahouse #architouristing #sydney #archit … pic.twitter.com/5ROwQKumfL;;;#sydneyoperahouse #architouristing #sydney #archit;5,89735E+17;https://twitter.com/AussieScenes/status/589735280158048256;
kubawalinski;19/04/2015 07:13;0;2;"I created a replica of the Sydney Opera House in my dishwasher ;) pic.twitter.com/lCFs0NBwYN";;;;5,89733E+17;https://twitter.com/kubawalinski/status/589733482898837504;
TRACEYJANE2345;19/04/2015 07:11;0;0;@EmsImagination_ look who I founddddd! Sainsburys not quite as glamorous as Sydney opera house though ! Xx pic.twitter.com/15Z2uzcryV;;@EmsImagination_;;5,89733E+17;https://twitter.com/TRACEYJANE2345/status/589733048473772032;
k009034;19/04/2015 07:05;0;0;Travelpics: Round Shapes Of The Roof Of Sydney Opera House by http:// ift.tt/1hlmIi2 #travel #ttot #travelpics #T … pic.twitter.com/G2hg0AsZRp;;;#travel #ttot #travelpics #T;5,89731E+17;https://twitter.com/k009034/status/589731412254846976;
k009034;19/04/2015 06:55;1;2;Travel photo on Flickr: Round Shapes Of The Roof Of Sydney Opera House #travel #travelpics #ttot #picsher #SNRTG pic.twitter.com/TfMrNrohsa;;;#travel #travelpics #ttot #picsher #SNRTG;5,89729E+17;https://twitter.com/k009034/status/589729065764069376;
AussieScenes;19/04/2015 06:49;0;0;At http:// iqboom.com/visitaustralia -- Met up with an old friend in Sydney #travel #adventure #australia #sydneyoperahouse … pic.twitter.com/HNpD3R8DWn;;;#travel #adventure #australia #sydneyoperahouse;5,89728E+17;https://twitter.com/AussieScenes/status/589727602291646464;
AussieScenes;19/04/2015 06:49;0;0;At http:// iqboom.com/visitaustralia -- The Sydney Opera House by night #sydneyoperahouse #sydney #newsouthwales #australia … pic.twitter.com/M0KvXVzl2K;;;#sydneyoperahouse #sydney #newsouthwales #australia;5,89728E+17;https://twitter.com/AussieScenes/status/589727591948546048;
AussieScenes;19/04/2015 06:49;0;1;"At http:// iqboom.com/visitaustralia -- Aida came to Sydney"" #opera #sydneyharbour #sydneyoperahouse #ilovesydney #sydney #… pic.twitter.com/UeBQjC2K1I""";;;#opera #sydneyharbour #sydneyoperahouse #ilovesydney #sydney #;5,89728E+17;https://twitter.com/AussieScenes/status/589727586923741184;
AussieScenes;19/04/2015 06:49;0;0;At http:// iqboom.com/visitaustralia -- Vivid memories. Today, a year ago at #SydneyOperaHouse #pmythrowbacktime #pmytravel pic.twitter.com/Gx1yJms0Oa;;;#SydneyOperaHouse #pmythrowbacktime #pmytravel;5,89728E+17;https://twitter.com/AussieScenes/status/589727577281015808;
AussieScenes;19/04/2015 06:49;0;2;At http:// iqboom.com/visitaustralia -- Both #SydneyOperaHouse and #SydneyHarbourBridge view from #MrsMacquariesChair #pmyth … pic.twitter.com/LU1g1aFfyp;;;#SydneyOperaHouse #SydneyHarbourBridge #MrsMacquariesChair #pmyth;5,89728E+17;https://twitter.com/AussieScenes/status/589727550353629185;
Alexandermc_9;19/04/2015 06:29;0;0;Worth it bois #bradymaps #greatnightcunts @Sydney Opera House https:// instagram.com/p/1psjUot-8B/;;@Sydney;#bradymaps #greatnightcunts;5,89722E+17;https://twitter.com/Alexandermc_9/status/589722376033726465;
rachill_e;19/04/2015 06:16;1;0;An old soul. Why you ask? because of what I'm going to be doing for my 24th birthday. #im60 #sydneyoperahouse #dreamscometrue;;;#im60 #sydneyoperahouse #dreamscometrue;5,89719E+17;https://twitter.com/rachill_e/status/589719158708834305;
aaliyahsiobhan;19/04/2015 06:09;0;0;Tourist kind of day. #australia #sydney #sydneyharbourbridge #travelling @Sydney Opera House … https:// instagram.com/p/1pqSo6GgEb/;;@Sydney;#australia #sydney #sydneyharbourbridge #travelling;5,89717E+17;https://twitter.com/aaliyahsiobhan/status/589717403308818432;
geoff_deweaver;19/04/2015 06:03;0;2;#SydneyOperaHouse #Sydney #Australia Love the sails...spectacular site on beautiful Sydney Harbour pic.twitter.com/0dMZ0FxaHW;;;#SydneyOperaHouse #Sydney #Australia;5,89716E+17;https://twitter.com/geoff_deweaver/status/589715825260498944;
DearJanYanisa;19/04/2015 05:59;0;0;At the Opera House lovely and lucky day ever! @Sydney Opera House Steps https:// instagram.com/p/1ppOI1gW1B/;;@Sydney;;5,89715E+17;https://twitter.com/DearJanYanisa/status/589715049301807104;
JulianBurnside;19/04/2015 05:49;12;10;Looking forward to stirring the possum at the Carnegie Conversations at Sydney Opera House 3 May http://www. sydneyoperahouse.com/about/program_ carnegie_conversations.aspx …;;;;5,89712E+17;https://twitter.com/JulianBurnside/status/589712329903706112;
AussieScenes;19/04/2015 05:47;0;0;At http:// iqboom.com/visitaustralia -- #sydney #australia it pays to get up early every now and then - #sydneyoperahouse pic.twitter.com/f9ZRsnxDPV;;;#sydney #australia #sydneyoperahouse;5,89712E+17;https://twitter.com/AussieScenes/status/589711959173521408;
AussieScenes;19/04/2015 05:47;0;1;At http:// iqboom.com/visitaustralia -- Sydney Opera House made of Lego #sydneybrickshow #sydneyoperahouse #lego @sydneybric … pic.twitter.com/PS3lD0Hbq0;;@sydneybric;#sydneybrickshow #sydneyoperahouse #lego;5,89712E+17;https://twitter.com/AussieScenes/status/589711943994368000;
AussieScenes;19/04/2015 05:47;0;0;At http:// iqboom.com/visitaustralia -- Panoramic shot! #sydney #sydneyharbourbridge #sydneyoperahouse #touriststuff #holida … pic.twitter.com/uy30f02LDN;;;#sydney #sydneyharbourbridge #sydneyoperahouse #touriststuff #holida;5,89712E+17;https://twitter.com/AussieScenes/status/589711923580690432;
CatchaJob_au;19/04/2015 05:42;0;0;#Job #Australia #Sydney Opera House Social Media Specialist Full Time in #Sydney Central Business District NSW, http://www. catchajob.com.au/job/sydney-ope ra-house-social-media-specialist-full-time-in-sydney-central-business-district-nsw/ …;;;#Job #Australia #Sydney #Sydney;5,89711E+17;https://twitter.com/CatchaJob_au/status/589710535412682752;
TheDJNooz;19/04/2015 05:39;0;0;Sydney Opera House https:// instagram.com/p/1pm1OFRnHn/;;;;5,8971E+17;https://twitter.com/TheDJNooz/status/589709795550167040;
mehdivk;19/04/2015 05:13;0;1;Here we ARE! Ebi will perform in 45 mins :) (@Sydney Opera House - @sohnews in Sydney, NSW) https://www. swarmapp.com/c/5s9po6eZr8B;;@Sydney @sohnews;;5,89703E+17;https://twitter.com/mehdivk/status/589703476776673281;
AussieScenes;19/04/2015 05:13;0;0;At http:// iqboom.com/visitaustralia -- Best waffles ever! Yummz! #sydneyoperahouse pic.twitter.com/9g0kjxMEYO;;;#sydneyoperahouse;5,89703E+17;https://twitter.com/AussieScenes/status/589703315786719232;
Splatsoft;19/04/2015 05:09;0;0;Fossil fuel companies extract enough gas to fill the Sydney Opera House 4.0 times a second http://www. theguardian.com/keep-it-in-the -ground … #keepitintheground;;;#keepitintheground;5,89702E+17;https://twitter.com/Splatsoft/status/589702244402126849;
TravelnPleasure;19/04/2015 04:49;2;1;Sydney Opera House Facts http:// goo.gl/RYupsm #travel #traveling #ttot #traveltips #worldtravel #travelskills pic.twitter.com/1fAcXD8101;;;#travel #traveling #ttot #traveltips #worldtravel #travelskills;5,89697E+17;https://twitter.com/TravelnPleasure/status/589697357672906754;
AussieScenes;19/04/2015 04:44;0;0;At http:// iqboom.com/visitaustralia -- Sydney Opera House #Sydney #SydneyOperaHouse #Love pic.twitter.com/ZBMgMr9AmX;;;#Sydney #SydneyOperaHouse #Love;5,89696E+17;https://twitter.com/AussieScenes/status/589696123004149761;
AussieScenes;19/04/2015 04:44;0;0;At http:// iqboom.com/visitaustralia -- My sexy pose! #Sydney #SydneyOperaHouse #CircularQuay pic.twitter.com/kzTooH7HY9;;;#Sydney #SydneyOperaHouse #CircularQuay;5,89696E+17;https://twitter.com/AussieScenes/status/589696108215021570;
EricFortaleza;19/04/2015 04:30;0;0;The Aguilar DB751 underneath the Sydney Opera House . Monstrous tone underneath Australia's most… https:// instagram.com/p/1pe79pjJB5/;;;;5,89692E+17;https://twitter.com/EricFortaleza/status/589692439511859200;
Pgpaulagonzalez;19/04/2015 04:27;0;0;Popular on 500px : Sydney Opera House Reflection by Sharkbite-Photography pic.twitter.com/SH673elrAs;;;;5,89692E+17;https://twitter.com/Pgpaulagonzalez/status/589691745199382528;
Killjoyneen;19/04/2015 04:24;0;1;@_MCR5 Yeh I met G outside the Sydney Opera House when he came to Aust for Graphic 2013. Was a surprise he was there when I was walking.;;@_MCR5;;5,89691E+17;https://twitter.com/Killjoyneen/status/589691036550631424;
AussieScenes;19/04/2015 04:12;0;0;At http:// iqboom.com/visitaustralia -- Just finished painting the harbour bridge #harbourbridge #sydneyoperahouse #like4li … pic.twitter.com/M8zaMSnhRc;;;#harbourbridge #sydneyoperahouse #like4li;5,89688E+17;https://twitter.com/AussieScenes/status/589687983974047744;
AussieScenes;19/04/2015 04:12;0;0;At http:// iqboom.com/visitaustralia -- Sydney #sydneylife #sydneyharbour #sydneyharbourbridge #sydneyoperahouse pic.twitter.com/Tb0K8kS0Tu;;;#sydneylife #sydneyharbour #sydneyharbourbridge #sydneyoperahouse;5,89688E+17;https://twitter.com/AussieScenes/status/589687976575270912;
AussieScenes;19/04/2015 04:12;0;0;At http:// iqboom.com/visitaustralia -- Sydney Opera House #Sydney #NSW #architecture #arch #hereagain #Utzon #ribbed #Sydne … pic.twitter.com/u4R2vStGv6;;;#Sydney #NSW #architecture #arch #hereagain #Utzon #ribbed #Sydne;5,89688E+17;https://twitter.com/AussieScenes/status/589687967356162048;
AussieScenes;19/04/2015 04:12;0;0;At http:// iqboom.com/visitaustralia -- Sydney Opera House #altar #walking #stairs #Sydney #NSW #architecture #arch #hereaga … pic.twitter.com/rOFpGcPSHB;;;#altar #walking #stairs #Sydney #NSW #architecture #arch #hereaga;5,89688E+17;https://twitter.com/AussieScenes/status/589687961739984896;
AussieScenes;19/04/2015 04:12;0;0;At http:// iqboom.com/visitaustralia -- Sydney Opera House #Sydney #NSW #architecture #arch #hereagain #Utzon #water #Sydney … pic.twitter.com/Ea46zlgu7X;;;#Sydney #NSW #architecture #arch #hereagain #Utzon #water #Sydney;5,89688E+17;https://twitter.com/AussieScenes/status/589687957596073984;
AussieScenes;19/04/2015 04:12;0;0;At http:// iqboom.com/visitaustralia -- ☆Had a fab day with the birthday munchin☆ ┅ ┅ ┅ ┅ #selfie#sydneyoperahouse #sydneyhar… pic.twitter.com/LzynszZVGj;;;#selfie #sydneyoperahouse #sydneyhar;5,89688E+17;https://twitter.com/AussieScenes/status/589687948993507328;
TravelnPleasure;19/04/2015 04:10;0;0;Sydney Opera House Facts http:// goo.gl/RYupsm #travel #traveling #ttot #traveltips #worldtravel #travelskills pic.twitter.com/D19phUvCHR;;;#travel #traveling #ttot #traveltips #worldtravel #travelskills;5,89688E+17;https://twitter.com/TravelnPleasure/status/589687603516964867;
AustraliaMusics;19/04/2015 03:26;0;0;#Australia #Hobart 22 Apr, NSW: ANZAC Day Salute - Centenary Concert: Venue: Sydney Opera House , Concert Hall.... http:// bit.ly/u0IKLH;;;#Australia #Hobart;5,89676E+17;https://twitter.com/AustraliaMusics/status/589676324450488320;
MManr456;19/04/2015 03:24;0;1;What #is #Islam ? http:// islamreligion.com pic.twitter.com/fbNyQ2b0Hh #love #soul #kiss #movies #sydneytraffic #sydneystorm #sydneyoperahouse £;;;#is #Islam #love #soul #kiss #movies #sydneytraffic #sydneystorm #sydneyoperahouse;5,89676E+17;https://twitter.com/MManr456/status/589675919700168705;
TheAndiJack;19/04/2015 03:23;0;0;Being a tourist @Sydney Opera House https:// instagram.com/p/1pXWgWkO7C/;;@Sydney;;5,89676E+17;https://twitter.com/TheAndiJack/status/589675754163728384;
donniefitz2;19/04/2015 03:22;0;0;Crazy. One of my photos was explored on Flickr. Sydney Opera House http:// flic.kr/p/rU2sDN;;;;5,89675E+17;https://twitter.com/donniefitz2/status/589675435388051456;
AussieScenes;19/04/2015 03:07;0;0;At http:// iqboom.com/visitaustralia -- Interior of the Sydney Opera House ~ love how the sun shines in through the glass win… pic.twitter.com/MfwPb3ELpT;;;;5,89672E+17;https://twitter.com/AussieScenes/status/589671638511255553;
mahmoodkhan;19/04/2015 02:59;0;0;The Sydney Opera House Is A True Historical... http:// blogman11.com/2014/08/02/the -sydney-opera-house-is-a-true-historical-landmark/ …;;;;5,8967E+17;https://twitter.com/mahmoodkhan/status/589669513051779072;
Nature_In_Lens;19/04/2015 02:51;0;0;Sydney opera house lights up http:// fb.me/7t3N0FHbX;;;;5,89668E+17;https://twitter.com/Nature_In_Lens/status/589667532665139200;
jbmandm;19/04/2015 02:45;0;0;Monkeyyy time practicing my karate moves (@Sydney Opera House - Playhouse in Sydney, NSW) https://www. swarmapp.com/c/cLwoyAzaM1J pic.twitter.com/izmY1JOuoo;;@Sydney;;5,89666E+17;https://twitter.com/jbmandm/status/589666071952633856;
Salah77416;19/04/2015 02:40;0;0;At Sydney Opera House - Playhouse — https:// path.com/p/7Gx3M;;;;5,89665E+17;https://twitter.com/Salah77416/status/589664725916516354;
AussieScenes;19/04/2015 02:35;0;0;At http:// iqboom.com/visitaustralia -- Foggy Sydney like my head.. #foggy #sydney #confusion #fearofloss #sydneyoperahouse … pic.twitter.com/1SZUPeJb8P;;;#foggy #sydney #confusion #fearofloss #sydneyoperahouse;5,89664E+17;https://twitter.com/AussieScenes/status/589663662547271680;
catwong;19/04/2015 02:28;0;0;I'm at Sydney Opera House - Playhouse in Sydney, NSW https://www. swarmapp.com/c/1PNKoSgXuU6 pic.twitter.com/U4iTlmYotJ;;;;5,89662E+17;https://twitter.com/catwong/status/589661860774936576;
williamneill;19/04/2015 02:23;0;0;LIVE on #Periscope : Sydney Opera House on sunny Sunday arvo with live band https://www. pscp.tv/w/VxRvPDEyNzUy MTB8NTYyMjIyMgds7shjmHLbeeUDztExOPzzRhPqNhgxMQC5Z07Eo4GA …;;;#Periscope;5,89661E+17;https://twitter.com/williamneill/status/589660662449635328;
MochziLan;19/04/2015 02:22;0;1;•Leaning Tower : France •Merlion Statue : Britain •London Bridge : China •Great Wall : Indonesia • Sydney Opera House : Australia;;;;5,8966E+17;https://twitter.com/MochziLan/status/589660242679451648;
AussieScenes;19/04/2015 02:04;0;0;At http:// iqboom.com/visitaustralia -- Sydney Opera House pic.twitter.com/HHbqCUhsBC;;;;5,89656E+17;https://twitter.com/AussieScenes/status/589655879655550978;
AussieScenes;19/04/2015 02:04;0;0;At http:// iqboom.com/visitaustralia -- Moody arvo in Sydney #sydney #au #autumn #sydneyoperahouse #sydneyharbour #sydneyhar … pic.twitter.com/oZsVO081vJ;;;#sydney #au #autumn #sydneyoperahouse #sydneyharbour #sydneyhar;5,89656E+17;https://twitter.com/AussieScenes/status/589655875826094080;
AussieScenes;19/04/2015 01:33;0;0;At http:// iqboom.com/visitaustralia -- A week until I see this one #throwback #sydney #harbour #SydneyOperaHouse #bokeh #mo … pic.twitter.com/lTAnITK3w9;;;#throwback #sydney #harbour #SydneyOperaHouse #bokeh #mo;5,89648E+17;https://twitter.com/AussieScenes/status/589647926898647040;
AussieScenes;19/04/2015 01:33;0;0;At http:// iqboom.com/visitaustralia -- Don't mind me guys... Just being a tourist #SydneyOperaHouse #ITook5MillionSel … pic.twitter.com/rzxQnSjnt4;;;#SydneyOperaHouse #ITook5MillionSel;5,89648E+17;https://twitter.com/AussieScenes/status/589647915037097984;
AussieScenes;19/04/2015 01:33;0;0;At http:// iqboom.com/visitaustralia -- Larry went to the #sydneyoperahouse today. He imagined it to be a lot larger he said… pic.twitter.com/XPsea6EKEZ;;;#sydneyoperahouse;5,89648E+17;https://twitter.com/AussieScenes/status/589647869520584705;
AussieScenes;19/04/2015 01:32;0;0;At http:// iqboom.com/visitaustralia -- Seagull watching at the Opera House? @henriv2 #SydneyOperaHouse #Sydney #OperaHouse pic.twitter.com/ZkksPVaV6N;;@henriv2;#SydneyOperaHouse #Sydney #OperaHouse;5,89648E+17;https://twitter.com/AussieScenes/status/589647857688379392;
CheckCharlieEB;19/04/2015 01:09;0;0;Larry went to the #sydneyoperahouse today. He imagined to be a lot larger he said.… https:// instagram.com/p/1pH-vsLc37/;;;#sydneyoperahouse;5,89642E+17;https://twitter.com/CheckCharlieEB/status/589641954004246529;
AussieScenes;19/04/2015 01:01;0;0;At http:// iqboom.com/visitaustralia -- Nothing like a bit of #drama over the #sydneyoperahouse and #sydneyharbourbridge #sy … pic.twitter.com/v3yWFeUnkJ;;;#drama #sydneyoperahouse #sydneyharbourbridge #sy;5,8964E+17;https://twitter.com/AussieScenes/status/589640023680667649;
tripsnxcursions;19/04/2015 00:35;0;0;Sydney Opera House Guided Walking Tour! Only: $29.42 http:// bit.ly/1IXJsk9 #Sydney pic.twitter.com/F3Fr3VtioY;;;#Sydney;5,89633E+17;https://twitter.com/tripsnxcursions/status/589633280510717952;
stephkmcg;19/04/2015 00:29;0;0;You did good Jorn Utzon. #operahouse #lovethedanes @Sydney Opera House https:// instagram.com/p/1pDc1Wp5pC/;;@Sydney;#operahouse #lovethedanes;5,89632E+17;https://twitter.com/stephkmcg/status/589631991550717954;
WYWFung;19/04/2015 00:04;0;2;Last night at the Opera #starwars #snowspeeder #sydneyoperahouse pic.twitter.com/xPbjJzITe3;;;#starwars #snowspeeder #sydneyoperahouse;5,89626E+17;https://twitter.com/WYWFung/status/589625514941292544;
AussieScenes;18/04/2015 23:56;0;0;At http:// iqboom.com/visitaustralia -- Beach!!! #TodayIsSydney #EachDayACity #Sydney #SydneyLife #SydneyOperaHouse #Beach #… pic.twitter.com/opQ8p7W80G;;;#TodayIsSydney #EachDayACity #Sydney #SydneyLife #SydneyOperaHouse #Beach #;5,89624E+17;https://twitter.com/AussieScenes/status/589623570516566016;
AussieScenes;18/04/2015 23:56;0;0;At http:// iqboom.com/visitaustralia -- At the Sydney Opera!!! #sydney#sydneyoperahouse #operadesydney#lovethiscity#surf pic.twitter.com/s8hJFW6bC0;;;#sydney #sydneyoperahouse #operadesydney #lovethiscity #surf;5,89624E+17;https://twitter.com/AussieScenes/status/589623564527083520;
AussieScenes;18/04/2015 23:25;0;0;At http:// iqboom.com/visitaustralia -- In city #Australia #sydney #Sydneyoperahouse pic.twitter.com/w81azBqucG;;;#Australia #sydney #Sydneyoperahouse;5,89616E+17;https://twitter.com/AussieScenes/status/589615781408808960;
AussieScenes;18/04/2015 23:25;0;0;At http:// iqboom.com/visitaustralia -- Never tire of her beauty | #soh #sydney #sydneyaustralia #sydneyoperahouse #operahou … pic.twitter.com/tGm76q31Xb;;;#soh #sydney #sydneyaustralia #sydneyoperahouse #operahou;5,89616E+17;https://twitter.com/AussieScenes/status/589615775549362176;
SydneyAffairs;18/04/2015 22:55;0;0;Raw Video: http:// ow.ly/LgNob Sydney Opera House Vivid Sydney #travel #holiday #attraction #sydney pic.twitter.com/A853I57IYp;;;#travel #holiday #attraction #sydney;5,89608E+17;https://twitter.com/SydneyAffairs/status/589608132336349184;
AussieScenes;18/04/2015 22:53;0;0;At http:// iqboom.com/visitaustralia -- Massive #cruise #sydneyoperahouse #sydneyharbour #sydney #australia pic.twitter.com/8v9M8bjFvN;;;#cruise #sydneyoperahouse #sydneyharbour #sydney #australia;5,89608E+17;https://twitter.com/AussieScenes/status/589607702181052416;
AussieScenes;18/04/2015 22:53;0;0;At http:// iqboom.com/visitaustralia -- #sydneyoperahouse selfie pic.twitter.com/MVwNxvZ9Py;;;#sydneyoperahouse;5,89608E+17;https://twitter.com/AussieScenes/status/589607696283873281;
FanninyMZ;18/04/2015 22:32;0;0;The 1500 pieces Sydney opera house #jigsaw #puzzle done today https:// instagram.com/p/1o19J3RYKp/;;;#jigsaw #puzzle;5,89602E+17;https://twitter.com/FanninyMZ/status/589602315335766017;
AussieScenes;18/04/2015 22:22;0;0;At http:// iqboom.com/visitaustralia -- Night in the city #Sydney #SydneyOperaHouse pic.twitter.com/yrR4xlN0Xn;;;#Sydney #SydneyOperaHouse;5,896E+17;https://twitter.com/AussieScenes/status/589599923781394432;
EverywhereTrip;18/04/2015 22:00;3;5;The Sydney Opera House , Australia http:// bit.ly/1JQS2Pw #lp pic.twitter.com/23kQoZfDKc;;;#lp;5,89594E+17;https://twitter.com/EverywhereTrip/status/589594322321940480;
MaccaPolitical;18/04/2015 21:58;0;0;The most surprising thing about Stephen Hawking.His children & oh he will be beamed into Sydney Opera House . http://www. smh.com.au/technology/sci -tech/the-most-surprising-thing-about-stephen-hawking-20150418-1mnaob.html?stb=twt … via @smh;;@smh;;5,89594E+17;https://twitter.com/MaccaPolitical/status/589593952153546752;
mahmoodkhan;18/04/2015 21:58;0;0;Sydney Opera House Says Goodbye To Their... http:// blogman11.com/2014/08/10/syd ney-opera-house-says-goodbye-to-their-beloved-la-stupenda/ …;;;;5,89594E+17;https://twitter.com/mahmoodkhan/status/589593891994611712;
AussieScenes;18/04/2015 21:51;0;0;At http:// iqboom.com/visitaustralia -- Sydney Opera House pic.twitter.com/9iBbvoFjLr;;;;5,89592E+17;https://twitter.com/AussieScenes/status/589592080063795201;
AussieScenes;18/04/2015 21:51;0;0;At http:// iqboom.com/visitaustralia -- The Sydney Opera House in all its glory #sydneyoperahouse pic.twitter.com/pFKWDAG5sD;;;#sydneyoperahouse;5,89592E+17;https://twitter.com/AussieScenes/status/589592075353645056;
amazonsalebot;18/04/2015 21:20;0;0;#Gadgets : #LEGO Sydney Opera House . Now: $46.96 - http:// notivo.com/p/14176 pic.twitter.com/IdhYXQKZ4T;;;#Gadgets #LEGO;5,89584E+17;https://twitter.com/amazonsalebot/status/589584314926374912;
AussieScenes;18/04/2015 21:19;0;0;At http:// iqboom.com/visitaustralia -- I my House. #sydneyoperahouse #architecture #sails #danishdesigns pic.twitter.com/VoYd9SN3ho;;;#sydneyoperahouse #architecture #sails #danishdesigns;5,89584E+17;https://twitter.com/AussieScenes/status/589584014069071872;
AussieScenes;18/04/2015 21:19;0;0;At http:// iqboom.com/visitaustralia -- Morning Sydney! #sydneyoperahouse #sydneyharbour #sunny #nofilter #nsw #sydney pic.twitter.com/BI4A5O6XBu;;;#sydneyoperahouse #sydneyharbour #sunny #nofilter #nsw #sydney;5,89584E+17;https://twitter.com/AussieScenes/status/589583981785419776;
tonymcinnes;18/04/2015 21:09;0;0;I'm at Sydney Opera House https://www. swarmapp.com/c/gtOeOdTdwS5;;;;5,89582E+17;https://twitter.com/tonymcinnes/status/589581541589839872;
