username;date;retweets;favorites;text;geo;mentions;hashtags;id;permalink
nijabiz;01/02/2017 21:57;0;0;Roman Zozulya : Player’s Rayo Vallecano loan spell ends as fans call him Nazi https://www. 9jabiz.com/roman-zozulya- participants-rayo-vallecano-mortgage-spell-ends-as-lovers-name-him-nazi/ … pic.twitter.com/cBL5ZIhXYU;;;;8,26943E+17;https://twitter.com/nijabiz/status/826942502884212736
footynews129;01/02/2017 21:41;0;1;during the Russian military intervention in Ukraine. Zozulya 's contract has been cancelled and has returned to Real Betis.;;;;8,26939E+17;https://twitter.com/footynews129/status/826938514696663040
alex_sereda8;01/02/2017 21:37;1;2;Their fans claim Zozulya is Nazi only because he helps Ukrainian army...They even held protests to cancel his loan deal;;;;8,26937E+17;https://twitter.com/alex_sereda8/status/826937489822736385
PiotrOwczarczak;01/02/2017 21:36;0;0;They fired Zozulya for supporting Bandera. Deserved.;;;;8,26937E+17;https://twitter.com/PiotrOwczarczak/status/826937364018761728
footynews129;01/02/2017 21:36;2;3;Ukrainian Roman Zozulya 's loan with Rayo Vallecano has ended (signed on deadline day). #spain pic.twitter.com/yELS46G4ul;;;#spain;8,26937E+17;https://twitter.com/footynews129/status/826937335296126977
alex_sereda8;01/02/2017 21:33;12;17;It's amazing how stupid @RVMOficial fans are. Well, what else can you expect from hardcore lefties? Idiots by definition. #Zozulya;;@RVMOficial;#Zozulya;8,26937E+17;https://twitter.com/alex_sereda8/status/826936595777515520
GISALEGEND;01/02/2017 21:13;0;7;Wonder if this card will still happen as Zozulya joined yesterday & left this morning due to fans & poor media, be an extinct card perhaps? pic.twitter.com/F1PFWgsHIW;;;;8,26931E+17;https://twitter.com/GISALEGEND/status/826931498209120259
5_Hot_news;01/02/2017 21:12;0;0;“Vallecas, together with the Donbass”. Spanish fans were expelled from the club Zozulya https:// goo.gl/fb/q96zPD;;;;8,26931E+17;https://twitter.com/5_Hot_news/status/826931300405747718
5_Hot_news;01/02/2017 21:12;0;0;Fans of Rayo Vallecano was forced to cancel the rental Zozulya https:// goo.gl/fb/l0q00h;;;;8,26931E+17;https://twitter.com/5_Hot_news/status/826931292063297536
BetFastBTC;01/02/2017 20:56;1;0;Roman Zozulya 's loan spell at Rayo Vallecano only lasted a few hours - because fans called him a Nazi… http:// btf.st/Cloudbet pic.twitter.com/5YknVSbdtR;;;;8,26927E+17;https://twitter.com/BetFastBTC/status/826927139593154561
bdnews24;01/02/2017 20:55;0;0;BBCSport: Roman Zozulya 's loan spell at Rayo Vallecano only lasted a few hours - because fans called him a Nazi… … https:// twitter.com/BBCSport/statu s/826925597167218688 …;;;;8,26927E+17;https://twitter.com/bdnews24/status/826926940435206144
AziziOthmanMY;01/02/2017 20:54;0;0;Roman Zozulya 's loan spell at Rayo Vallecano only lasted a few hours - because fans called him a Nazi… https:// twitter.com/i/web/status/8 26925597167218688 …;;;;8,26927E+17;https://twitter.com/AziziOthmanMY/status/826926698679648256
SportsbookBTC;01/02/2017 20:51;0;0;Roman Zozulya 's loan spell at Rayo Vallecano only lasted a few hours - because fans called… http:// dlvr.it/NGKdcn → via @SportsbookBTC pic.twitter.com/uW2ZZuVTXq;;@SportsbookBTC;;8,26926E+17;https://twitter.com/SportsbookBTC/status/826925938151600128
BBCSport;01/02/2017 20:50;82;84;Roman Zozulya 's loan spell at Rayo Vallecano only lasted a few hours - because fans called him a Nazi http:// bbc.in/2kWh1Ks pic.twitter.com/BUTx13uDEp;;;;8,26926E+17;https://twitter.com/BBCSport/status/826925597167218688
___Syahrul;01/02/2017 20:43;0;0;Zozulya leaves Rayo after Nazi accusations via @Onefootball . Read it here: http:// 1.ftb.al/zNTc/TdSLRHMdqA;;@Onefootball;;8,26924E+17;https://twitter.com/___Syahrul/status/826923869512486913
hedgewarbets;01/02/2017 20:17;0;0;News soccer: Zozulya leaves Rayo after fans call him Nazi https:// goo.gl/mqOHpa;;;;8,26917E+17;https://twitter.com/hedgewarbets/status/826917499665018884
Toybest90;01/02/2017 20:13;0;0;BBC Sport - Roman Zozulya : Player's Rayo Vallecano loan spell ends as fans call him Nazi http://www. bbc.com/sport/football /38834539 …;;;;8,26916E+17;https://twitter.com/Toybest90/status/826916369031651328
nekushnews;01/02/2017 19:52;0;0;Zozulya leaves Rayo after Nazi accusations http:// dlvr.it/NGJbt3 pic.twitter.com/yTI81M7Bja;;;;8,26911E+17;https://twitter.com/nekushnews/status/826911189007421440
FootballNDaily;01/02/2017 19:35;0;0;Rayo Vallecano deadline day signing Roman Zozulya sent back to Real Betis due to alleged neo-Nazi links - http:// ift.tt/2jEa5QS;;;;8,26907E+17;https://twitter.com/FootballNDaily/status/826906735021535232
FootballNDaily;01/02/2017 19:35;0;0;Zozulya leaves Rayo after Nazi accusations - http:// ift.tt/2jWySRh;;;;8,26907E+17;https://twitter.com/FootballNDaily/status/826906732907597826
nekushnews;01/02/2017 19:33;0;0;Zozulya leaves Rayo after Nazi accusations http:// nekush.com/zozulya-leaves -rayo-after-nazi-accusations/ … pic.twitter.com/CxcCxWUjmZ;;;;8,26906E+17;https://twitter.com/nekushnews/status/826906356795973632
FitAndFunFL;01/02/2017 19:31;0;0;#MLS #Soccer Zozulya leaves Rayo after fans call him Nazi - Real Betis striker Roman Zozulya has returned to hi... http:// ow.ly/1ODL509aAQA;;;#MLS #Soccer;8,26906E+17;https://twitter.com/FitAndFunFL/status/826905773645127681
xtnetworks;01/02/2017 19:31;0;0;#soccernews Zozulya leaves Rayo after fans call him Nazi - Real Betis striker Roman Zozulya has returned to his... http:// ow.ly/JMS0509aAjI;;;#soccernews;8,26906E+17;https://twitter.com/xtnetworks/status/826905723850354694
ecitygistoffic2;01/02/2017 19:17;0;0;#ecityfungist 247news alert! READ.....: Rayo fan pressure scuppers Zozulya move http:// ift.tt/2jEc6wM;;;#ecityfungist;8,26902E+17;https://twitter.com/ecitygistoffic2/status/826902205735243776
googletrendings;01/02/2017 19:12;0;0;Zozulya leaves Rayo after fans call him Nazi #UnitedKingdom #FourFourTwo #sport via http://www. tweetaction.co;;;#UnitedKingdom #FourFourTwo #sport;8,26901E+17;https://twitter.com/googletrendings/status/826901050032525312
googletrendings;01/02/2017 19:12;0;0;Zozulya leaves Rayo after Nazi accusations #UnitedKingdom #FourFourTwo #sport via #JobSearch https:// play.google.com/store/apps/det ails?id=com.globalexperts.jobsearch …;;;#UnitedKingdom #FourFourTwo #sport #JobSearch;8,26901E+17;https://twitter.com/googletrendings/status/826901047285264388
ecitygistoffic2;01/02/2017 19:06;0;0;http://www. e-citygist.tk just posted #ecityfungist : Rayo fan pressure scuppers Zozulya move http:// ift.tt/2jEc6wM;;;#ecityfungist;8,269E+17;https://twitter.com/ecitygistoffic2/status/826899584366604288
FourFourTwoOz;01/02/2017 19:04;0;0;Zozulya leaves Rayo after Nazi accusations http://www. fourfourtwo.com.au/news/zozulya-l eaves-rayo-after-nazi-accusations-449583?utm_source=twitter&utm_medium=social&utm_campaign=insidesport_autopost … #football pic.twitter.com/mTvorWZaHH;;;#football;8,26899E+17;https://twitter.com/FourFourTwoOz/status/826899039295672320
Ovatheline;01/02/2017 19:01;0;0;Roman Zozulya : Player's Rayo Vallecano loan spell ends as fans call him Nazi http:// ht.ly/5oZV509axWt;;;;8,26898E+17;https://twitter.com/Ovatheline/status/826898414944256000
Predict365;01/02/2017 19:00;0;0;Roman Zozulya : Player's Rayo Vallecano loan spell ends as fans call him Nazi #Sport7 http://www. betportal.info/roman-zozulya- players-rayo-vallecano-loan-spell-ends-as-fans-call-him-nazi/ … pic.twitter.com/Fvc42hhEgu;;;#Sport7;8,26898E+17;https://twitter.com/Predict365/status/826898027159883781
FootballNDaily;01/02/2017 18:59;0;0;Zozulya leaves Rayo after fans call him Nazi - http:// ift.tt/2kSEWhR;;;;8,26898E+17;https://twitter.com/FootballNDaily/status/826897815880212480
ecitygistoffic2;01/02/2017 18:59;0;0;New post from http:// ift.tt/2kSfHc3 : Rayo fan pressure scuppers Zozulya move http:// ift.tt/2jEc6wM;;;;8,26898E+17;https://twitter.com/ecitygistoffic2/status/826897684552351744
Sport_RightNow;01/02/2017 18:57;0;0;Rayo Vallecano deadline day signing Roman Zozulya sent back to Real Betis due to… https:// goo.gl/fb/wW0qL4 #mirror;;;#mirror;8,26897E+17;https://twitter.com/Sport_RightNow/status/826897268963938304
Newsofthehour1;01/02/2017 18:55;0;0;Zozulya leaves Rayo after fans call him Nazi http:// newsofthehour.co.uk/zozulya-leaves -rayo-after-fans-call-him-nazi/ …;;;;8,26897E+17;https://twitter.com/Newsofthehour1/status/826896675960713217
Newsofthehour1;01/02/2017 18:55;0;0;Zozulya leaves Rayo after Nazi accusations http:// newsofthehour.co.uk/zozulya-leaves -rayo-after-nazi-accusations/ …;;;;8,26897E+17;https://twitter.com/Newsofthehour1/status/826896671632138240
Anderson_SNunes;01/02/2017 18:51;0;0;Zozulya leaves Rayo after fans call him Nazi http:// dlvr.it/NGHXCC;;;;8,26896E+17;https://twitter.com/Anderson_SNunes/status/826895709290901508
jazjuzz;01/02/2017 18:51;0;0;Zozulya leaves Rayo after fans call him Nazi http:// dlvr.it/NGHXBv;;;;8,26896E+17;https://twitter.com/jazjuzz/status/826895709026684928
IG_Gifted;01/02/2017 18:51;0;0;Zozulya leaves Rayo after fans call him Nazi http:// dlvr.it/NGHX3F;;;;8,26896E+17;https://twitter.com/IG_Gifted/status/826895699358863360
thus_spake;01/02/2017 18:49;0;0;Zozulya had signed on loan on the final day of the transfer window but fans protested against the arrival http://www. mirror.co.uk/sport/football /news/rayo-vallecano-deadline-day-signing-9738255 …;;;;8,26895E+17;https://twitter.com/thus_spake/status/826895264896151552
FourFourTwoOz;01/02/2017 18:49;0;0;Zozulya leaves Rayo after fans call him Nazi http://www. fourfourtwo.com.au/news/zozulya-l eaves-rayo-after-fans-call-him-nazi-449582?utm_source=twitter&utm_medium=social&utm_campaign=insidesport_autopost … #football pic.twitter.com/Zf2hJLoMY0;;;#football;8,26895E+17;https://twitter.com/FourFourTwoOz/status/826895258197700608
omolegan;01/02/2017 18:49;0;0;Zozulya leaves Rayo after fans call him Nazi http:// dlvr.it/NGHVTF;;;;8,26895E+17;https://twitter.com/omolegan/status/826895176882745344
Gapsy4all;01/02/2017 18:48;0;0;Rayo fan pressure scuppers Zozulya move after neo-Nazi claims http:// dlvr.it/NGHT5N;;;;8,26895E+17;https://twitter.com/Gapsy4all/status/826894946388959232
kingdayv_;01/02/2017 18:45;0;0;Zozulya leaves Rayo after fans call him Nazi http:// ln.is/www.soccernews .com/z/2M6RQ …;;;;8,26894E+17;https://twitter.com/kingdayv_/status/826894223639187456
W0RLDSOCCERNEWS;01/02/2017 18:45;0;0;Zozulya leaves Rayo after fans call him Nazi http:// dlvr.it/NGHQqb;;;;8,26894E+17;https://twitter.com/W0RLDSOCCERNEWS/status/826894216391389184
nekushnews;01/02/2017 18:45;0;0;Zozulya leaves Rayo after fans call him Nazi http:// dlvr.it/NGHQkl pic.twitter.com/AstmkVyBZI;;;;8,26894E+17;https://twitter.com/nekushnews/status/826894214797545472
SoccerFlow;01/02/2017 18:45;0;0;Zozulya leaves Rayo after fans call him Nazi http:// dlvr.it/NGHQmP;;;;8,26894E+17;https://twitter.com/SoccerFlow/status/826894214633906177
BrasilMundoCopa;01/02/2017 18:45;0;0;Zozulya leaves Rayo after fans call him Nazi http:// dlvr.it/NGHQml;;;;8,26894E+17;https://twitter.com/BrasilMundoCopa/status/826894211244924929
Mondiali_ITA;01/02/2017 18:45;0;0;Zozulya leaves Rayo after fans call him Nazi http:// dlvr.it/NGHQlh;;;;8,26894E+17;https://twitter.com/Mondiali_ITA/status/826894208845832192
KoreaWorldChamp;01/02/2017 18:45;0;0;Zozulya leaves Rayo after fans call him Nazi http:// dlvr.it/NGHQlH;;;;8,26894E+17;https://twitter.com/KoreaWorldChamp/status/826894208397029376
fussballdurban;01/02/2017 18:45;0;0;Zozulya leaves Rayo after fans call him Nazi http:// dlvr.it/NGHQl2;;;;8,26894E+17;https://twitter.com/fussballdurban/status/826894207897923585
portuGOAAL;01/02/2017 18:45;0;0;Zozulya leaves Rayo after fans call him Nazi http:// dlvr.it/NGHQks;;;;8,26894E+17;https://twitter.com/portuGOAAL/status/826894207562375169
JapanSocFan;01/02/2017 18:45;0;0;Zozulya leaves Rayo after fans call him Nazi http:// dlvr.it/NGHQZd;;;;8,26894E+17;https://twitter.com/JapanSocFan/status/826894192588709889
England2222;01/02/2017 18:45;0;0;Zozulya leaves Rayo after fans call him Nazi http:// dlvr.it/NGHQLc;;;;8,26894E+17;https://twitter.com/England2222/status/826894171134758912
myscottishfitba;01/02/2017 18:45;0;0;Zozulya leaves Rayo after fans call him Nazi http:// dlvr.it/NGHQLX #soccer;;;#soccer;8,26894E+17;https://twitter.com/myscottishfitba/status/826894170992189442
SchweizAfrika;01/02/2017 18:45;0;0;Zozulya leaves Rayo after fans call him Nazi http:// dlvr.it/NGHQKq;;;;8,26894E+17;https://twitter.com/SchweizAfrika/status/826894169511596032
mirortv;01/02/2017 18:45;0;0;Zozulya leaves Rayo after fans call him Nazi http:// dlvr.it/NGHQHM;;;;8,26894E+17;https://twitter.com/mirortv/status/826894165266960384
zarsport;01/02/2017 18:44;0;0;Zozulya leaves Rayo after fans call him Nazi http:// ift.tt/2kWJkZ5;;;;8,26894E+17;https://twitter.com/zarsport/status/826893993334153216
MuhammadPanjiSx;01/02/2017 18:42;0;0;Zozulya leaves Rayo after fans call him Nazi https:// goo.gl/fb/9fjNa6;;;;8,26893E+17;https://twitter.com/MuhammadPanjiSx/status/826893439178530816
weluvfootball;01/02/2017 18:42;0;0;Zozulya leaves Rayo after fans call him Nazi http:// ift.tt/2kWJkZ5 #Football #soccer;;;#Football #soccer;8,26893E+17;https://twitter.com/weluvfootball/status/826893438490664960
FootballPulp;01/02/2017 18:41;0;0;Zozulya leaves Rayo after fans call him Nazi #BBVA #LigaBBVA #LaLiga #futbol;;;#BBVA #LigaBBVA #LaLiga #futbol;8,26893E+17;https://twitter.com/FootballPulp/status/826893288766599168
occp1967;01/02/2017 18:40;0;0;Roman Zozulya has returned to Real Betis hours into his loan spell with Rayo Vallecano after fans of his new club called him a neo-Nazi.;;;;8,26893E+17;https://twitter.com/occp1967/status/826892938483490817
TheFantasyFooti;01/02/2017 18:40;0;0;Zozulya leaves Rayo after Nazi accusations. http:// zpr.io/PXsmY pic.twitter.com/5h5dMyro4e;;;;8,26893E+17;https://twitter.com/TheFantasyFooti/status/826892910440378368
yo_blogmedia;01/02/2017 18:39;0;0;Rayo fan pressure scuppers Zozulya move after neo-Nazi claims http:// dlvr.it/NGHKXL #yemioloyedeblog pic.twitter.com/dEekRnLe0I;;;#yemioloyedeblog;8,26893E+17;https://twitter.com/yo_blogmedia/status/826892785013780481
W0RLDSOCCERNEWS;01/02/2017 18:39;0;0;Rayo fan pressure scuppers Zozulya move after neo-Nazi claims http:// dlvr.it/NGHKVL pic.twitter.com/oGxHgiXc7o;;;;8,26893E+17;https://twitter.com/W0RLDSOCCERNEWS/status/826892766428827648
adweber4;01/02/2017 18:39;0;0;Rayo fan pressure scuppers Zozulya move after neo-Nazi claims http://www. goal.com/en-us/news/88/ spain/2017/02/01/32211402/rayo-fan-pressure-scuppers-zozulya-move-after-neo-nazi … pic.twitter.com/fIL6CCFjNq;;;;8,26893E+17;https://twitter.com/adweber4/status/826892717099659264
Glitovine;01/02/2017 18:39;0;0;Rayo fan pressure scuppers Zozulya move after neo-Nazi claims http:// dlvr.it/NGHJyr;;;;8,26893E+17;https://twitter.com/Glitovine/status/826892685260632065
TheTencNews;01/02/2017 18:39;0;0;Rayo fan pressure scuppers Zozulya move after neo-Nazi claims;;;;8,26893E+17;https://twitter.com/TheTencNews/status/826892666197536768
lanremilan;01/02/2017 18:36;0;0;Rayo fan pressure scuppers Zozulya move after neo-Nazi claims http:// dlvr.it/NGHHRH;;;;8,26892E+17;https://twitter.com/lanremilan/status/826892059789242368
ecitygistoffic2;01/02/2017 18:36;0;0;read gist from ecity BIAFRA FREEDOM IS SURE! #SPORTS Rayo fan pressure scuppers Zozulya … http:// dlvr.it/NGHGPM … http:// dlvr.it/NGHGPM;;;#SPORTS;8,26892E+17;https://twitter.com/ecitygistoffic2/status/826891963756601344
ceemanly;01/02/2017 18:36;0;1;read gist from ecity BIAFRA FREEDOM IS SURE! #SPORTS Rayo fan pressure scuppers Zozulya … http:// dlvr.it/NGHGPM ALL HAIL BIAFRA!! have fun!;;;#SPORTS;8,26892E+17;https://twitter.com/ceemanly/status/826891929954553856
KaskusAHAY;01/02/2017 18:36;0;0;Rayo fan pressure scuppers Zozulya move after neo-Nazi claims http:// dlvr.it/NGHGHS @rarasathie_;;@rarasathie_;;8,26892E+17;https://twitter.com/KaskusAHAY/status/826891920324517888
NVPeople;01/02/2017 18:33;0;0;Rayo Vallecano deadline day signing Roman Zozulya sent back to Real Betis due to alleged neo-Nazi links http://www. mirror.co.uk/sport/football /news/rayo-vallecano-deadline-day-signing-9738255 …;;;;8,26891E+17;https://twitter.com/NVPeople/status/826891338394238978
f1qualifying;01/02/2017 18:33;0;0;Rayo Vallecano deadline day signing Roman Zozulya sent back to Real Betis due to alleged neo-Nazi links http:// dlvr.it/NGHCBn;;;;8,26891E+17;https://twitter.com/f1qualifying/status/826891150246043648
UnofficialPL;01/02/2017 18:33;0;0;Rayo Vallecano deadline day signing Roman Zozulya sent back to Real Betis due to alleged neo-Nazi links http://www. mirror.co.uk/sport/football /news/rayo-vallecano-deadline-day-signing-9738255?utm_source=dlvr.it&utm_medium=twitter …;;;;8,26891E+17;https://twitter.com/UnofficialPL/status/826891147867885572
GideonA_;01/02/2017 18:33;0;0;Rayo Vallecano deadline day signing Roman Zozulya sent back to Real Betis due to alleged neo-Nazi links http:// dlvr.it/NGHCBl;;;;8,26891E+17;https://twitter.com/GideonA_/status/826891141366714368
PlayTheSix;01/02/2017 18:32;0;0;Zozulya leaves Rayo after Nazi accusations http:// zpr.io/PXsmY pic.twitter.com/RK7Tv5l3lI;;;;8,26891E+17;https://twitter.com/PlayTheSix/status/826891026963001344
olufemiadelaja;01/02/2017 18:30;0;0;Rayo fan pressure scuppers Zozulya move after neo-Nazi claims http:// dlvr.it/NGH9ZX pic.twitter.com/HHbxcpIkQT;;;;8,26891E+17;https://twitter.com/olufemiadelaja/status/826890536489410562
dickiesray;01/02/2017 18:30;0;0;Rayo fan pressure scuppers Zozulya move after neo-Nazi claims http:// dlvr.it/NGH9bJ pic.twitter.com/huxGuFlbaO;;;;8,26891E+17;https://twitter.com/dickiesray/status/826890533523984384
truegossipng;01/02/2017 18:30;0;0;Rayo fan pressure scuppers Zozulya move after neo-Nazi claims http:// dlvr.it/NGH9XL pic.twitter.com/AqH5bLhACY;;;;8,26891E+17;https://twitter.com/truegossipng/status/826890532404097024
TARELA_DANIEL;01/02/2017 18:30;0;0;Rayo fan pressure scuppers Zozulya move after neo-Nazi claims http:// dlvr.it/NGH9TY pic.twitter.com/0oKk7oo1J1;;;;8,26891E+17;https://twitter.com/TARELA_DANIEL/status/826890519536021505
premnewsuk;01/02/2017 18:30;0;0;Rayo Vallecano deadline day signing Roman Zozulya sent back to Real Betis due to alleged neo-Nazi links http:// premnews.com/story/2017/02/ 01/rayo-vallecano-deadline-day-signing-roman-zozulya-sent-back-to-real-betis-due-to-alleged-neo-nazi-links …;;;;8,2689E+17;https://twitter.com/premnewsuk/status/826890395128836096
lekanadeoba;01/02/2017 18:27;0;0;Rayo fan pressure scuppers Zozulya move after neo-Nazi claims http:// dlvr.it/NGH76W pic.twitter.com/xEZUIPj90d;;;;8,2689E+17;https://twitter.com/lekanadeoba/status/826889794135339008
soccer411;01/02/2017 18:27;0;0;Rayo fan pressure scuppers Zozulya move after neo-Nazi claims http:// dlvr.it/NGH72z pic.twitter.com/I5ucPZjdpr;;;;8,2689E+17;https://twitter.com/soccer411/status/826889787219050496
Mardey_lee;01/02/2017 18:27;0;0;Rayo fan pressure scuppers Zozulya move after neo-Nazi claims http:// dlvr.it/NGH70q pic.twitter.com/b4TcpwEHRc;;;;8,2689E+17;https://twitter.com/Mardey_lee/status/826889780860325888
SSNU_s;01/02/2017 18:27;0;0;Rayo fan pressure scuppers Zozulya move after neo-Nazi claims http:// dlvr.it/NGH6Cg pic.twitter.com/3temJ3uOXo;;;;8,2689E+17;https://twitter.com/SSNU_s/status/826889684575940609
nekushnews;01/02/2017 18:26;0;0;Zozulya leaves Rayo after fans call him Nazi http:// nekush.com/zozulya-leaves -rayo-after-fans-call-him-nazi/ … pic.twitter.com/EDLvMKMtCU;;;;8,2689E+17;https://twitter.com/nekushnews/status/826889530020085761
teamtopzy;01/02/2017 18:25;0;0;Rayo fan pressure scuppers Zozulya move after neo-Nazi claims http:// street77news.com/2017/02/rayo-f an-pressure-scuppers-zozulya-move-after-neo-nazi-claims.html/ …;;;;8,26889E+17;https://twitter.com/teamtopzy/status/826889335790268416
Street77_com;01/02/2017 18:25;0;0;Rayo fan pressure scuppers Zozulya move after neo-Nazi claims http:// street77news.com/2017/02/rayo-f an-pressure-scuppers-zozulya-move-after-neo-nazi-claims.html/ …;;;;8,26889E+17;https://twitter.com/Street77_com/status/826889323681284096
deejayDarrex;01/02/2017 18:25;0;0;Rayo fan pressure scuppers Zozulya move after neo-Nazi claims http:// street77news.com/2017/02/rayo-f an-pressure-scuppers-zozulya-move-after-neo-nazi-claims.html/ …;;;;8,26889E+17;https://twitter.com/deejayDarrex/status/826889316106375168
ybankss;01/02/2017 18:25;0;0;Rayo fan pressure scuppers Zozulya move after neo-Nazi claims http:// street77news.com/2017/02/rayo-f an-pressure-scuppers-zozulya-move-after-neo-nazi-claims.html/ …;;;;8,26889E+17;https://twitter.com/ybankss/status/826889297206841345
Juwonmania;01/02/2017 18:25;0;0;Rayo fan pressure scuppers Zozulya move after neo-Nazi claims http:// street77news.com/2017/02/rayo-f an-pressure-scuppers-zozulya-move-after-neo-nazi-claims.html/ …;;;;8,26889E+17;https://twitter.com/Juwonmania/status/826889289770336256
donfemosty;01/02/2017 18:25;0;0;Rayo fan pressure scuppers Zozulya move after neo-Nazi claims http:// street77news.com/2017/02/rayo-f an-pressure-scuppers-zozulya-move-after-neo-nazi-claims.html/ …;;;;8,26889E+17;https://twitter.com/donfemosty/status/826889269247623168
First_sports;01/02/2017 18:24;0;0;Rayo fan pressure scuppers Zozulya move after neo-Nazi claims http:// dlvr.it/NGH3LM;;;;8,26889E+17;https://twitter.com/First_sports/status/826888883669327872
UnofficialPL;01/02/2017 18:24;0;0;Rayo fan pressure scuppers Zozulya move after neo-Nazi claims http://www. goal.com/en-gb/news/327 7/la-liga/2017/02/01/32211372/rayo-fan-pressure-scuppers-zozulya-move-after-neo-nazi?utm_source=dlvr.it&utm_medium=twitter …;;;;8,26889E+17;https://twitter.com/UnofficialPL/status/826888876375420928
walkileaks;01/02/2017 18:22;0;0;Rayo Vallecano deadline day signing Roman Zozulya sent back to Real Betis due to alleged… http:// walkileaks.com/rayo-vallecano -deadline-day-signing-roman-zozulya-sent-back-to-real-betis-due-to-alleged-neo-nazi-links … pic.twitter.com/1O8qJyaDn9;;;;8,26888E+17;https://twitter.com/walkileaks/status/826888450217562113
GoalComIreland;01/02/2017 18:21;0;0;Rayo fan pressure scuppers Zozulya move after neo-Nazi claims http:// dlvr.it/NGH06K pic.twitter.com/hBoR7RCDK9;;;;8,26888E+17;https://twitter.com/GoalComIreland/status/826888130783432704
GoalcomKenya;01/02/2017 18:21;0;0;Rayo fan pressure scuppers Zozulya move after neo-Nazi claims http:// dlvr.it/NGH05W pic.twitter.com/H5HkB3BS74;;;;8,26888E+17;https://twitter.com/GoalcomKenya/status/826888125997686784
NaijaYarnz;01/02/2017 18:18;0;0;"Roman Zozulya loan spell cut short after Nazi"" accusations by Rayo Vallecano fans http:// dlvr.it/NGGyRS""";;;;8,26888E+17;https://twitter.com/NaijaYarnz/status/826887538035953664
OAU_yarns;01/02/2017 18:18;0;0;"Roman Zozulya loan spell cut short after Nazi"" accusations by Rayo Vallecano fans http:// dlvr.it/NGGyHC""";;;;8,26888E+17;https://twitter.com/OAU_yarns/status/826887512698130432
Jopac4dvirg;01/02/2017 18:18;0;0;Rayo fan pressure scuppers Zozulya move after neo-Nazi claims http:// dlvr.it/NGGxs6;;;;8,26887E+17;https://twitter.com/Jopac4dvirg/status/826887447040581632
Muhamedwason;01/02/2017 18:18;0;0;Rayo fan pressure scuppers Zozulya move after neo-Nazi claims http:// dlvr.it/NGGxRv pic.twitter.com/aScYH4JXfO;;;;8,26887E+17;https://twitter.com/Muhamedwason/status/826887404820652033
OJAY_PUMPING;01/02/2017 18:18;0;0;Rayo fan pressure scuppers Zozulya move after neo-Nazi claims http:// dlvr.it/NGGx8y;;;;8,26887E+17;https://twitter.com/OJAY_PUMPING/status/826887376869822464
L_kaybee;01/02/2017 18:18;0;0;Rayo fan pressure scuppers Zozulya move after neo-Nazi claims http:// dlvr.it/NGGx4j;;;;8,26887E+17;https://twitter.com/L_kaybee/status/826887373573087232
PlayTheSix;01/02/2017 18:16;0;0;Zozulya leaves Rayo after fans call him Nazi http:// zpr.io/PXsRA pic.twitter.com/z753jCzIqj;;;;8,26887E+17;https://twitter.com/PlayTheSix/status/826886956743278593
GS7_89;01/02/2017 18:15;0;0;Interesting story on #Ukraine national player Roman Zozulya getting sent back to his former club after being signed at the trade deadline. https:// twitter.com/MirrorFootball /status/826885882623950848 …;;;#Ukraine;8,26887E+17;https://twitter.com/GS7_89/status/826886770843324417
ClubOfInfoSPUD;01/02/2017 18:12;0;0;Roman Zozulya returns to Real Betis hours into his loan spell with Rayo… https:// goo.gl/fb/pqK5PR @ClubOfInfo;;@ClubOfInfo;;8,26886E+17;https://twitter.com/ClubOfInfoSPUD/status/826885951913857025
Blue1875Sussex;01/02/2017 18:12;0;0;BBC Sport - Roman Zozulya : Player's Rayo Vallecano loan spell ends as fans call him Nazi http:// bbc.in/2jVVQIt;;;;8,26886E+17;https://twitter.com/Blue1875Sussex/status/826885930439102465
MirrorFootball;01/02/2017 18:12;7;10;Rayo Vallecano deadline day signing Roman Zozulya sent back to Real Betis due to alleged neo-Nazi links http:// bit.ly/2ki4H7X pic.twitter.com/PJpjWJzafU;;;;8,26886E+17;https://twitter.com/MirrorFootball/status/826885882623950848
TheFantasyFooti;01/02/2017 18:07;0;0;Zozulya leaves Rayo after fans call him Nazi. http:// zpr.io/PXsRA pic.twitter.com/3fb12XXZQh;;;;8,26885E+17;https://twitter.com/TheFantasyFooti/status/826884787856146432
enelculotuyo;01/02/2017 18:06;0;0;Zozulya youre breaking my heart.;;;;8,26884E+17;https://twitter.com/enelculotuyo/status/826884369881116672
SM_Headlines;01/02/2017 17:55;0;0;"Roman Zozulya loan spell cut short after Nazi"" accusations by Rayo Vallecano fans http:// sm.mg/p9tsf5j #betis #rvm""";;;#betis #rvm;8,26882E+17;https://twitter.com/SM_Headlines/status/826881756389371904
SMLaLiga;01/02/2017 17:55;0;0;"Roman Zozulya loan spell cut short after Nazi"" accusations by Rayo Vallecano fans http:// sm.mg/6z4w6nz #betis #rvm""";;;#betis #rvm;8,26882E+17;https://twitter.com/SMLaLiga/status/826881753130348544
Sport_Sport1;01/02/2017 17:37;0;0;Player leaves Real Vallecano hours into loan spell after 'Nazi' claims: Roman Zozulya returns to Real Betis hours… https:// goo.gl/fb/G5h2z9;;;;8,26877E+17;https://twitter.com/Sport_Sport1/status/826877045867216897
ecitygistoffic2;01/02/2017 17:24;0;0;read gist from ecity BIAFRA FREEDOM IS SURE! #SPORTS Rayo fan pressure scuppers Zozulya … http:// dlvr.it/NGFyBp … http:// dlvr.it/NGFyBp;;;#SPORTS;8,26874E+17;https://twitter.com/ecitygistoffic2/status/826873844904427523
ceemanly;01/02/2017 17:24;0;0;read gist from ecity BIAFRA FREEDOM IS SURE! #SPORTS Rayo fan pressure scuppers Zozulya … http:// dlvr.it/NGFyBp ALL HAIL BIAFRA!! have fun!;;;#SPORTS;8,26874E+17;https://twitter.com/ceemanly/status/826873796023840774
nandeilath;01/02/2017 17:24;0;0;BBC Sport - Roman Zozulya : Player's Rayo Vallecano loan spell ends as fans call him Nazi http://www. bbc.com/sport/football /38834539 …;;;;8,26874E+17;https://twitter.com/nandeilath/status/826873787320717318
MechanicalBaba;01/02/2017 17:19;0;0;Ukrainian Zozulya leaves Rayo after fan protests;;;;8,26873E+17;https://twitter.com/MechanicalBaba/status/826872529205686281
dokmz;01/02/2017 17:14;1;0;Roman Zozulya : Player's Rayo Vallecano loan spell ends as fans call him Nazi - https:// goo.gl/kdMTFw - Roman Zozulya has returned to ...;;;;8,26871E+17;https://twitter.com/dokmz/status/826871478457073664
EugenVictorovic;01/02/2017 17:02;0;0;Roman Zozulya : Player's Rayo Vallecano loan spell ends as fans call him Nazi http:// ow.ly/eQMe509al5h;;;;8,26868E+17;https://twitter.com/EugenVictorovic/status/826868300521078785
FCBarcelonaFNH;01/02/2017 17:01;0;0;Soccer-Ukrainian Zozulya leaves Rayo after fan protests (Reuters) #FCB #Barca #Cule #FNH http://www. nshnd.com/to.aspx?i=2924 422 …;;;#FCB #Barca #Cule #FNH;8,26868E+17;https://twitter.com/FCBarcelonaFNH/status/826868038402203648
SportsNewsZim;01/02/2017 17:00;0;0;Roman Zozulya : Player's Rayo Vallecano loan spell ends as fans call him... http:// fb.me/4xY30WyK3;;;;8,26868E+17;https://twitter.com/SportsNewsZim/status/826867932114337793
ChrisOkoye_;01/02/2017 16:53;0;0;Roman Zozulya : Player's Rayo Vallecano loan spell ends as fans call him Nazi http:// dlvr.it/NGFMDT pic.twitter.com/GalmepV8pg;;;;8,26866E+17;https://twitter.com/ChrisOkoye_/status/826865983499362305
FootballNDaily;01/02/2017 16:49;0;0;Roman Zozulya : Player’s Rayo Vallecano loan spell ends as fans call him Nazi - http:// ift.tt/2kRLuNI;;;;8,26865E+17;https://twitter.com/FootballNDaily/status/826865179170201600
soccertour;01/02/2017 16:46;0;0;Soccer-Ukrainian Zozulya leaves Rayo after fan protests (Reuters) http:// owl.li/hVnH509aiDm;;;;8,26864E+17;https://twitter.com/soccertour/status/826864418420060161
RkIndolia;01/02/2017 16:46;0;0;Ukrainian Zozulya leaves Rayo after fan protests http:// dlvr.it/NGFFhl;;;;8,26864E+17;https://twitter.com/RkIndolia/status/826864384710373376
RkIndolia;01/02/2017 16:46;0;0;UPDATE 1-Soccer-Ukrainian Zozulya leaves Rayo after fan protests http:// dlvr.it/NGFFhD;;;;8,26864E+17;https://twitter.com/RkIndolia/status/826864381199671296
OfficialCYFC;01/02/2017 16:46;0;0;#bbcfootball Roman Zozulya : Player's Rayo Vallecano loan spell ends as fans call him Nazi http:// ht.ly/mn1n509aiBb;;;#bbcfootball;8,26864E+17;https://twitter.com/OfficialCYFC/status/826864376640630785
xtsoccer;01/02/2017 16:46;0;0;#footballnews Roman Zozulya : Player's Rayo Vallecano loan spell ends as fans call him Nazi http:// ow.ly/Q1Is509aiia;;;#footballnews;8,26864E+17;https://twitter.com/xtsoccer/status/826864370554638336
kingstonutd;01/02/2017 16:45;0;0;Roman Zozulya : Player's Rayo Vallecano loan spell ends as fans call him Nazi http:// dlvr.it/NGFClB pic.twitter.com/FUyHH3fhrn;;;;8,26864E+17;https://twitter.com/kingstonutd/status/826863983458078720
MechanicalBaba;01/02/2017 16:42;0;0;UPDATE 1-Soccer-Ukrainian Zozulya leaves Rayo after fan protests;;;;8,26863E+17;https://twitter.com/MechanicalBaba/status/826863389729136640
HentaiPtmx;01/02/2017 16:42;0;0;Player leaves Real Vallecano hours into loan spell after 'Nazi' claims: Roman Zozulya returns to Real Betis hours… http:// viid.me/qjQ55r pic.twitter.com/D3VDfg3NSQ;;;;8,26863E+17;https://twitter.com/HentaiPtmx/status/826863368300490752
lankathilina;01/02/2017 16:42;0;0;Roman Zozulya : Player's Rayo Vallecano loan spell ends as fans call him Nazi http:// dlvr.it/NGFB1j pic.twitter.com/dIw2ZIVZLy;;;;8,26863E+17;https://twitter.com/lankathilina/status/826863274360573952
soccer411;01/02/2017 16:42;0;0;Roman Zozulya : Player's Rayo Vallecano loan spell ends as fans call him Nazi http:// dlvr.it/NGFB1q pic.twitter.com/TxOXNmbL6r;;;;8,26863E+17;https://twitter.com/soccer411/status/826863272355786752
suntodino;01/02/2017 16:42;0;0;Roman Zozulya : Player's Rayo Vallecano loan spell ends as fans call him Nazi http:// dlvr.it/NGF9sn pic.twitter.com/CAElOIVgcQ;;;;8,26863E+17;https://twitter.com/suntodino/status/826863261379203072
TARELA_DANIEL;01/02/2017 16:42;0;0;Roman Zozulya : Player's Rayo Vallecano loan spell ends as fans call him Nazi http:// dlvr.it/NGF9jx pic.twitter.com/OYXHnEpXvk;;;;8,26863E+17;https://twitter.com/TARELA_DANIEL/status/826863243746430976
rugbymad;01/02/2017 16:35;0;0;"Loan of Ukraine striker called off in Spain after protests: MADRID (AP)  The loan of Ukraine striker Roman Zozulya … http:// dlvr.it/NGF34k pic.twitter.com/QcHqsPrC4V""";;;;8,26861E+17;https://twitter.com/rugbymad/status/826861484646899712
SteveHallsUK;01/02/2017 16:33;0;0;BBC Football Roman Zozulya : Player's Rayo Vallecano loan spell ends as fans call him Nazi http:// dlvr.it/NGF09M http:// bit.ly/fibuzz pic.twitter.com/WfRAG1QLL1;;;;8,26861E+17;https://twitter.com/SteveHallsUK/status/826860941505503232
11spelers;01/02/2017 16:32;0;0;Roman Zozulya : Player's Rayo Vallecano loan spell ends as fans call him Nazi http:// dlvr.it/NGDzrG;;;;8,26861E+17;https://twitter.com/11spelers/status/826860707157143553
fussballdurban;01/02/2017 16:32;0;0;Roman Zozulya : Player's Rayo Vallecano loan spell ends as fans call him Nazi http:// dlvr.it/NGDzrH;;;;8,26861E+17;https://twitter.com/fussballdurban/status/826860706016354308
portuGOAAL;01/02/2017 16:32;0;0;Roman Zozulya : Player's Rayo Vallecano loan spell ends as fans call him Nazi http:// dlvr.it/NGDzqD;;;;8,26861E+17;https://twitter.com/portuGOAAL/status/826860704686698496
BrasilMundoCopa;01/02/2017 16:32;0;0;Roman Zozulya : Player's Rayo Vallecano loan spell ends as fans call him Nazi http:// dlvr.it/NGDzps;;;;8,26861E+17;https://twitter.com/BrasilMundoCopa/status/826860703172567040
KoreaWorldChamp;01/02/2017 16:32;0;0;Roman Zozulya : Player's Rayo Vallecano loan spell ends as fans call him Nazi http:// dlvr.it/NGDzpf;;;;8,26861E+17;https://twitter.com/KoreaWorldChamp/status/826860701230657537
Mondiali_ITA;01/02/2017 16:32;0;0;Roman Zozulya : Player's Rayo Vallecano loan spell ends as fans call him Nazi http:// dlvr.it/NGDzpg;;;;8,26861E+17;https://twitter.com/Mondiali_ITA/status/826860701121515521
news4foot;01/02/2017 16:32;0;0;Roman Zozulya : Player's Rayo Vallecano loan spell ends as fans call him Nazi http:// dlvr.it/NGDzpZ;;;;8,26861E+17;https://twitter.com/news4foot/status/826860701020884992
SportsCentralNG;01/02/2017 16:32;0;0;Roman Zozulya : Player's Rayo Vallecano loan spell ends as fans call him Nazi http:// dlvr.it/NGDzmc;;;;8,26861E+17;https://twitter.com/SportsCentralNG/status/826860700043587584
kenwills01;01/02/2017 16:32;0;0;Roman Zozulya : Player's Rayo Vallecano loan spell ends as fans call him Nazi http:// bit.ly/2jYN1Qf;;;;8,26861E+17;https://twitter.com/kenwills01/status/826860699754192896
HalfTimeNg;01/02/2017 16:32;0;0;[BBC] Roman Zozulya : Player's Rayo Vallecano loan spell ends as fans call him Nazi http:// dlvr.it/NGDzmV;;;;8,26861E+17;https://twitter.com/HalfTimeNg/status/826860698646896640
CallMeOlalekan;01/02/2017 16:32;0;0;Roman Zozulya : Player's Rayo Vallecano loan spell ends as fans call him Nazi http:// dlvr.it/NGDzkX (Via BBC);;;;8,26861E+17;https://twitter.com/CallMeOlalekan/status/826860698256887808
JapanSocFan;01/02/2017 16:32;0;0;Roman Zozulya : Player's Rayo Vallecano loan spell ends as fans call him Nazi http:// dlvr.it/NGDzkv;;;;8,26861E+17;https://twitter.com/JapanSocFan/status/826860696595951616
SchweizAfrika;01/02/2017 16:32;0;0;Roman Zozulya : Player's Rayo Vallecano loan spell ends as fans call him Nazi http:// dlvr.it/NGDzcq;;;;8,26861E+17;https://twitter.com/SchweizAfrika/status/826860695681536001
England2222;01/02/2017 16:32;0;0;Roman Zozulya : Player's Rayo Vallecano loan spell ends as fans call him Nazi http:// dlvr.it/NGDzb9;;;;8,26861E+17;https://twitter.com/England2222/status/826860687880134656
achilihuizunna;01/02/2017 16:31;0;0;Roman Zozulya returns to Real Betis hours into his loan spell with Rayo Vallecano after fans of… click http:// bit.ly/UI2iR6;;;;8,2686E+17;https://twitter.com/achilihuizunna/status/826860490840297490
breakingnewsnig;01/02/2017 16:29;0;0;Roman Zozulya : Player's Rayo Vallecano loan spell ends as fans call him Nazi http:// dlvr.it/NGDwsZ;;;;8,2686E+17;https://twitter.com/breakingnewsnig/status/826859948822786050
troll_zn;01/02/2017 16:29;0;0;Now- Roman Zozulya : Player's Rayo Vallecano loan spell ends as fans call him Nazi http:// dlvr.it/NGDwps;;;;8,2686E+17;https://twitter.com/troll_zn/status/826859944687263744
FootballStuff17;01/02/2017 16:28;0;0;Roman Zozulya : Player's Rayo Vallecano loan spell ends as fans call him Nazi https:// goo.gl/wbhbYP pic.twitter.com/W4z6mjojm6;;;;8,2686E+17;https://twitter.com/FootballStuff17/status/826859858980806656
pitchcheck;01/02/2017 16:28;0;0;Roman Zozulya : Player's Rayo Vallecano loan spell ends as fans call him Nazi http://www. bbc.co.uk/sport/football /38834539 … Roman Zozulya returns to Real Beti...;;;;8,2686E+17;https://twitter.com/pitchcheck/status/826859724209545216
Football_BWR;01/02/2017 16:26;0;0;Roman Zozulya : Player's Rayo Vallecano loan spell ends as fans call him Nazi http:// dlvr.it/NGDs62;;;;8,26859E+17;https://twitter.com/Football_BWR/status/826859189259509760
HenningKringge;01/02/2017 16:24;0;0;@footballskiFR Rayo Vallecano send Roman Zozulya back to Real Betis due to alleged neo-Nazi links in native Ukraine http://www. bbc.com/sport/football /38834539 …;;@footballskiFR;;8,26859E+17;https://twitter.com/HenningKringge/status/826858730717380608
otbcdutchcanary;01/02/2017 16:23;0;1;@gerardverhagen Fans rule Football Club! Roman Zozulya Rayo Vallecano loan spell ends as fans call him Nazi. http://www. bbc.com/sport/football /38834539 …;;@gerardverhagen;;8,26858E+17;https://twitter.com/otbcdutchcanary/status/826858486420140033
stammosaffilia1;01/02/2017 16:22;0;0;Roman Zozulya : Player's Rayo Vallecano loan spell ends as fans call him NaziRoman Zozulya returns to Real Betis... http:// fb.me/2YkPrjkFG;;;;8,26858E+17;https://twitter.com/stammosaffilia1/status/826858326315118592
playtime_world;01/02/2017 16:22;0;0;Roman Zozulya : Player’s Rayo Vallecano loan spell ends as fans call him Nazi http://www. playtimeworld.com/roman-zozulya- players-rayo-vallecano-loan-spell-ends-as-fans-call-him-nazi/ … pic.twitter.com/uiYhzfXkfD;;;;8,26858E+17;https://twitter.com/playtime_world/status/826858202247610369
bdnews24;01/02/2017 16:20;0;1;BBCSport: Roman Zozulya 's loan spell at Rayo Vallecano only lasted a few hours - because fans called him a Nazi… … https:// twitter.com/BBCSport/statu s/826856471174533122 …;;;;8,26858E+17;https://twitter.com/bdnews24/status/826857773656920064
BetFastBTC;01/02/2017 16:20;1;0;Roman Zozulya 's loan spell at Rayo Vallecano only lasted a few hours - because fans called him a Nazi… http:// btf.st/Cloudbet pic.twitter.com/4SqyPQCQg7;;;;8,26858E+17;https://twitter.com/BetFastBTC/status/826857702273847300
goalpostsuk;01/02/2017 16:18;0;0;Roman Zozulya : Player's Rayo Vallecano loan spell ends as fans call him Nazi http:// dlvr.it/NGDjmj;;;;8,26857E+17;https://twitter.com/goalpostsuk/status/826857339110055936
Nexmedia_Sports;01/02/2017 16:18;0;1;Roman Zozulya : Player's Rayo Vallecano loan spell ends as fans call him Nazi http:// dlvr.it/NGDjjN;;;;8,26857E+17;https://twitter.com/Nexmedia_Sports/status/826857330536910849
UniBenOlodo;01/02/2017 16:18;0;0;Roman Zozulya : Player's Rayo Vallecano loan spell ends as fans call him Nazi http:// dlvr.it/NGDjPc;;;;8,26857E+17;https://twitter.com/UniBenOlodo/status/826857299088007168
TheTencNews;01/02/2017 16:18;0;0;Roman Zozulya returns to Real Betis hours into his loan spell with Rayo Vallecano after fans of his new club called him a neo-Nazi.;;;;8,26857E+17;https://twitter.com/TheTencNews/status/826857294210019328
16Politica17;01/02/2017 16:18;0;0;Roman Zozulya : Player's Rayo Vallecano loan spell ends as fans call him Nazi http:// viid.me/qjQgjw pic.twitter.com/PWZJZZaKG5;;;;8,26857E+17;https://twitter.com/16Politica17/status/826857185237819392
FootballSitRep;01/02/2017 16:17;0;0;Roman Zozulya : Player's Rayo Vallecano loan spell ends as fans call him Nazi: Roman Zozulya returns to Real Betis … http:// ift.tt/2kRLuNI;;;;8,26857E+17;https://twitter.com/FootballSitRep/status/826857076664238080
jlmgonz;01/02/2017 16:17;0;0;"BBC football: Roman Zozulya : Player's Rayo Vallecano loan spell ends as fans call him Nazi"" http:// ift.tt/2kRLuNI""";;;;8,26857E+17;https://twitter.com/jlmgonz/status/826857059857661952
sportmetweets;01/02/2017 16:17;0;0;Roman Zozulya : Player's Rayo Vallecano loan spell ends as fans call him Nazi http:// ift.tt/2kRLuNI http://www. bmc-ag.ch;;;;8,26857E+17;https://twitter.com/sportmetweets/status/826857026689064960
SportsbookBTC;01/02/2017 16:17;0;0;Roman Zozulya 's loan spell at Rayo Vallecano only lasted a few hours - because fans called… http:// dlvr.it/NGDh4V → via @SportsbookBTC pic.twitter.com/2zbUKI7Uhd;;@SportsbookBTC;;8,26857E+17;https://twitter.com/SportsbookBTC/status/826857014139686912
johnmarks1590;01/02/2017 16:16;0;0;Check it out! Roman Zozulya : Player's Rayo Vallecano loan spell ends as fans call him Nazi http:// ift.tt/2kRLuNI;;;;8,26857E+17;https://twitter.com/johnmarks1590/status/826856779669766144
transferfan;01/02/2017 16:15;0;0;Roman Zozulya : Player's Rayo Vallecano loan spell ends as fans call him Nazi: Roman Zozulya returns to Real Betis … http:// ift.tt/2kRLuNI;;;;8,26857E+17;https://twitter.com/transferfan/status/826856593425854464
FutbolNewsNet;01/02/2017 16:15;0;0;Roman Zozulya : Player's Rayo Vallecano loan spell ends as fans call him Nazi http:// ift.tt/2kRLuNI;;;;8,26857E+17;https://twitter.com/FutbolNewsNet/status/826856561247211526
bbcfoot;01/02/2017 16:15;2;4;Roman Zozulya : Player's Rayo Vallecano loan spell ends as fans call him Nazi: http://www. bbc.co.uk/sport/football /38834539 …;;;;8,26857E+17;https://twitter.com/bbcfoot/status/826856531786420224
BBCSport;01/02/2017 16:15;85;103;Roman Zozulya 's loan spell at Rayo Vallecano only lasted a few hours - because fans called him a Nazi http:// bbc.in/2kWh1Ks pic.twitter.com/PriqF6w6FZ;;;;8,26856E+17;https://twitter.com/BBCSport/status/826856471174533122
0lympics2012;01/02/2017 16:14;0;0;Roman Zozulya : Player's Rayo Vallecano loan spell ends as fans call him Nazi http:// ift.tt/2kRLuNI;;;;8,26856E+17;https://twitter.com/0lympics2012/status/826856362885918721
lrboylin;01/02/2017 16:14;0;0;BBC Sport/Football:- Roman Zozulya : Player's Rayo Vallecano loan spell ends as fans call him Nazi http:// ift.tt/2kRLuNI;;;;8,26856E+17;https://twitter.com/lrboylin/status/826856288307073025
FostJulia;01/02/2017 16:14;0;0;Roman Zozulya : Player's Rayo Vallecano loan spell ends as fans call him Nazi pic.twitter.com/IPp6W7Z8xr;;;;8,26856E+17;https://twitter.com/FostJulia/status/826856250147295235
johndover19;01/02/2017 16:14;0;0;Roman Zozulya : Player's Rayo Vallecano loan spell ends as fans call him Nazi http:// ift.tt/2kRLuNI;;;;8,26856E+17;https://twitter.com/johndover19/status/826856231411314688
MyFootballInfo;01/02/2017 16:14;0;0;Roman Zozulya : Player's Rayo Vallecano loan spell ends as fans call him Nazi http:// ift.tt/2kRLuNI Watch Live Football ►http://bit.l…;;;;8,26856E+17;https://twitter.com/MyFootballInfo/status/826856175513792512
DotBall;01/02/2017 16:13;0;0;Roman Zozulya returns to Real Betis hours into his loan spell with Rayo Vallecano after fans of his new club called him a neo-Nazi. #worldc …;;;#worldc;8,26856E+17;https://twitter.com/DotBall/status/826856009452945416
Don_Keano;01/02/2017 16:13;0;0;Roman Zozulya : Player's Rayo Vallecano loan spell ends as fans call him Nazi http:// ift.tt/2kRLuNI;;;;8,26856E+17;https://twitter.com/Don_Keano/status/826855915592830989
SportIllustrato;01/02/2017 16:12;0;0;BBC - Roman Zozulya : Player's Rayo Vallecano loan spell ends as fans call him Nazi http:// ift.tt/2kRLuNI #PaginaNuova #Sports;;;#PaginaNuova #Sports;8,26856E+17;https://twitter.com/SportIllustrato/status/826855791042973699
footynews365uk;01/02/2017 16:12;0;0;http:// bit.ly/FreeBetz Roman Zozulya : Player's Rayo Vallecano loan spell ends as fans... http:// bbc.in/2jDN6pg pic.twitter.com/7JWHjOV8Mv;;;;8,26856E+17;https://twitter.com/footynews365uk/status/826855741290139650
johmart1590;01/02/2017 16:12;0;0;CHECK THIS OUT! Roman Zozulya : Player's Rayo Vallecano loan spell ends as fans call him Nazi http:// ift.tt/2kRLuNI;;;;8,26856E+17;https://twitter.com/johmart1590/status/826855732658262025
BreakingNewsES;01/02/2017 16:12;0;0;MADRID – The loan of Ukraine striker Roman Zozulya from Real Betis to second-division club Rayo Vallecano is... http:// fb.me/1fkNBTtLE;;;;8,26856E+17;https://twitter.com/BreakingNewsES/status/826855689301680129
premnewsuk;01/02/2017 16:12;0;0;Roman Zozulya : Player's Rayo Vallecano loan spell ends as fans call him Nazi http:// premnews.com/story/2017/02/ 01/roman-zozulya-players-rayo-vallecano-loan-spell-ends-as-fans-call-him-nazi …;;;;8,26856E+17;https://twitter.com/premnewsuk/status/826855651183886336
Rishilious22333;01/02/2017 16:09;0;0;Ukrainian Zozulya leaves Rayo after fan protests http:// dlvr.it/NGDWQq;;;;8,26855E+17;https://twitter.com/Rishilious22333/status/826854983928668160
Rishilious22333;01/02/2017 16:09;0;0;UPDATE 1-Soccer-Ukrainian Zozulya leaves Rayo after fan protests http:// dlvr.it/NGDWLv;;;;8,26855E+17;https://twitter.com/Rishilious22333/status/826854975045263361
thus_spake;01/02/2017 16:09;0;0;The loan of Ukraine striker Roman Zozulya from Real Betis to second-division club Rayo Vallecano is being called... https://www. washingtonpost.com/world/europe/l oan-of-ukraine-striker-called-off-in-spain-after-protests/2017/02/01/a3c4e5a4-e8a5-11e6-903d-9b11ed7d8d2a_story.html …;;;;8,26855E+17;https://twitter.com/thus_spake/status/826854899539390464
tweetsportsfeed;01/02/2017 16:07;0;0;Soccer-Ukrainian Zozulya leaves Rayo after fan protests (Reuters) https:// goo.gl/fb/TvH57q #Soccer #Football;;;#Soccer #Football;8,26854E+17;https://twitter.com/tweetsportsfeed/status/826854478829744128
thus_spake;01/02/2017 16:03;0;0;The loan of Ukraine striker Roman Zozulya from Real Betis to second-division club Rayo Vallecano is being called... http://www. foxnews.com/world/2017/02/ 01/loan-ukraine-striker-called-off-in-spain-after-protests.html …;;;;8,26853E+17;https://twitter.com/thus_spake/status/826853478144290816
SportsRoadhouse;01/02/2017 16:03;0;0;#Soccer #Soccer Soccer-Ukrainian Zozulya leaves Rayo after fan protests (Reuters) http:// srhlink.com/NGDNJ4 #SportsRoadhouse;;;#Soccer #Soccer #SportsRoadhouse;8,26853E+17;https://twitter.com/SportsRoadhouse/status/826853477473099776
BreakingNewsES;01/02/2017 16:01;1;0;MADRID — The loan of Ukraine striker Roman Zozulya from Real Betis to second-division club Rayo Vallecano is... http:// fb.me/6caeqf4v9;;;;8,26853E+17;https://twitter.com/BreakingNewsES/status/826852993727418373
BerkleyBearNews;01/02/2017 16:01;0;0;Soccer-Ukrainian Zozulya leaves Rayo after fan protests http:// dlvr.it/NGDLGw;;;;8,26853E+17;https://twitter.com/BerkleyBearNews/status/826852896507469825
sportmetweets;01/02/2017 15:56;0;0;Soccer-Ukrainian Zozulya leaves Rayo after fan protests (Reuters) http:// ift.tt/2kRUmTC http://www. dcd-ag.com;;;;8,26852E+17;https://twitter.com/sportmetweets/status/826851662698520576
PoliticsNext;01/02/2017 15:55;0;0;#Breaking Ukrainian Zozulya leaves Rayo after fan protests Read More : https:// in.news.yahoo.com/rayo-fans-prot est-against-signing-zozulya-142104651--sow.html …;;;#Breaking;8,26852E+17;https://twitter.com/PoliticsNext/status/826851502060888064
mohamost;01/02/2017 15:49;0;0;#بكفي_حصار Ukrainian Zozulya leaves Rayo after fan protests http:// dlvr.it/NGD6Yk;;;#;8,2685E+17;https://twitter.com/mohamost/status/826849879532007424
AficionadoYash;01/02/2017 15:48;0;0;UPDATE 1-Soccer-Ukrainian Zozulya leaves Rayo after fan protests;;;;8,2685E+17;https://twitter.com/AficionadoYash/status/826849637294342144
dailymail_24;01/02/2017 15:47;0;0;Ukrainian Zozulya leaves Rayo after fan protests http:// viid.me/qq9cqd http:// ift.tt/eA8V8J;;;;8,26849E+17;https://twitter.com/dailymail_24/status/826849447824990208
buletinmalaysia;01/02/2017 15:43;0;0;Rayo fans protest against new signing Zozulya ... http:// fb.me/6j4K6EkU7;;;;8,26848E+17;https://twitter.com/buletinmalaysia/status/826848365933711362
twisira;01/02/2017 15:42;0;0;MADRID - The loan of Ukraine striker Roman Zozulya from Real Betis to second-division club Rayo Vallecano is http:// wpo.st/xX_Y2;;;;8,26848E+17;https://twitter.com/twisira/status/826848175633813504
Rus_Eng_News;01/02/2017 15:38;0;0;Scandal in Spain: footballer Zozulya was brought back to Betis #soccer #scandal #Spain http:// news.liga.net/news/sport/146 83088-skandal_v_ispanii_futbolista_zozulyu_vernuli_obratno_v_betis.htm … #news #Russia;;;#soccer #scandal #Spain #news #Russia;8,26847E+17;https://twitter.com/Rus_Eng_News/status/826847325112979457
LajnusLovgren;01/02/2017 15:21;6;9;Zozulya is back already. Feel bad for him. Rayo fans didn't show any respect at all towards him. I'm not a big Zozulya fan, but come on...;;;;8,26843E+17;https://twitter.com/LajnusLovgren/status/826843043470929922
MARCAinENGLISH;01/02/2017 15:07;1;1;That didn't last long! Zozulya is already back at Betis after Rayo fan fury. http:// buff.ly/2jw05ht pic.twitter.com/dPEmUBDIZk;;;;8,26839E+17;https://twitter.com/MARCAinENGLISH/status/826839320384434177
English_AS;01/02/2017 14:54;0;0;The free-for-all kicked off by Roman Zozulya at Dnipro: http:// as.com/videos/2017/02 /01/en/1485962829_471420.html … pic.twitter.com/flHTzYT8DI;;;;8,26836E+17;https://twitter.com/English_AS/status/826836209448128512
Eurosoccersite;01/02/2017 14:40;2;2;Rayo Vallegano paralized Zozulya 's signing because of his far right idiology #soccer #zozulya #laliga pic.twitter.com/ynNPFYcIL2;;;#soccer #zozulya #laliga;8,26833E+17;https://twitter.com/Eurosoccersite/status/826832676904644608
z_news_link;01/02/2017 14:40;0;0;Zozulya returned to Betis because of the conflict with the fans of Rayo Vallecano - http:// z-news.link/zozulya-return ed-to-betis-because-of-the-conflict-with-the-fans-of-rayo-vallecano/ …;;;;8,26833E+17;https://twitter.com/z_news_link/status/826832546071773184
Rich9908;01/02/2017 14:38;0;1;"Just seen video of Rayo fans supposed intimidation"" of Zozulya as he reported for training..it was about three guys muttering to him""";;;;8,26832E+17;https://twitter.com/Rich9908/status/826832014066274304
PairsonnalitesE;01/02/2017 14:33;0;0;"Spain | Rayo fans protest against new signing Zozulya : Unfortunately my arrival in Spain was accompanied by a… http:// dlvr.it/NGBXvb""";;;;8,26831E+17;https://twitter.com/PairsonnalitesE/status/826830907025743872
Rich9908;01/02/2017 14:32;2;2;Protesting works: Zozulya has left Rayo Vallecano after fans, who accuse him of belonging to far right, demonstrated against him at training;;;;8,26831E+17;https://twitter.com/Rich9908/status/826830526170427394
Rus_Eng_News;01/02/2017 14:10;0;0;Zozulya may ask Rayo Vallecano to return him to Betis https:// goo.gl/ZwnfU9 #news #Russia;;;#news #Russia;8,26825E+17;https://twitter.com/Rus_Eng_News/status/826824947729309699
English_AS;01/02/2017 14:08;6;3;Rayo fan pressure wins out as Betis confirm Roman Zozulya return: http:// en.as.com/en/2017/02/01/ football/1485962797_081911.html … pic.twitter.com/Mz9KtdWkGF;;;;8,26825E+17;https://twitter.com/English_AS/status/826824679331622915
robbiejdunne;01/02/2017 14:05;0;1;From the time Rayo announced the signing and reports came out that his contract was terminated, Zozulya was a Rayo player for 15 hours.;;;;8,26824E+17;https://twitter.com/robbiejdunne/status/826823748334542848
SANewsTodayNow;01/02/2017 14:02;1;0;Rayo fans protest against new signing Zozulya - http://www. southafricanewstoday.co.za/sport/football /2017/02/rayo-fans-protest-against-new-signing-zozulya/ … via @SANewsTodayNow;;@SANewsTodayNow;;8,26823E+17;https://twitter.com/SANewsTodayNow/status/826823130270273538
SportsSpace01;01/02/2017 13:48;0;0;Zozulya returns to Betis after Rayo Vallecano political controversy http:// viid.me/qjbj1G pic.twitter.com/1LqH7e1TZa;;;;8,2682E+17;https://twitter.com/SportsSpace01/status/826819597449859073
MonteroSenor;01/02/2017 13:48;0;0;Zozulya returns to Betis after Rayo Vallecano political controversy http:// dlvr.it/NG9Xvw pic.twitter.com/fBeDyQN7lt;;;;8,2682E+17;https://twitter.com/MonteroSenor/status/826819576910356480
Nik_Maksymchuk;01/02/2017 13:46;1;1;Rayo fans who think Zozulya is a nazi are the most stupid people. Stupid fans.;;;;8,26819E+17;https://twitter.com/Nik_Maksymchuk/status/826819039414611968
Kirill79;01/02/2017 13:41;0;1;it's more stupid than incredible. Zozulya isn't right, isn't left, isn't nazi or commy... He just helps army in his country...;;;;8,26818E+17;https://twitter.com/Kirill79/status/826817701423235072
Ghedin1878;01/02/2017 13:36;0;0;Zozulya could end up cancelling his loan move to #Rayo reportedly after the demonstrations from supporters regarding his signing - lastRT;;;#Rayo;8,26816E+17;https://twitter.com/Ghedin1878/status/826816456008597504
paulreidy67;01/02/2017 13:33;7;5;The latest info on the Zozulya case in English as the deal with Rayo is Off and the player return to Betis https:// twitter.com/English_AS/sta tus/826808039210622976 …;;;;8,26816E+17;https://twitter.com/paulreidy67/status/826815697762258948
INPrimeMinister;01/02/2017 13:32;0;0;#TISNews Check http:// ift.tt/2kVzBCb to know why Zozulya is trending at 9 in world at 01/02/2017 10:32:22 am;;;#TISNews;8,26815E+17;https://twitter.com/INPrimeMinister/status/826815465221677057
InwoodNatalie;01/02/2017 13:31;0;0;Ukraine's Roman Zozulya celebrates his goal with team mates during their 2014 World... - http:// tinyurl.com/zmayyhz pic.twitter.com/9ggDo2SCqb;;;;8,26815E+17;https://twitter.com/InwoodNatalie/status/826815282517786624
BETEASTUK;01/02/2017 13:25;0;0;#Zozulya transfer @RVMOficial turned ugly with the fans due to political views to the point of player was forced to leave 24h after signing;;@RVMOficial;#Zozulya;8,26814E+17;https://twitter.com/BETEASTUK/status/826813710551416833
ANGEL5502;01/02/2017 13:23;0;0;#Zozulya go home!!;;;#Zozulya;8,26813E+17;https://twitter.com/ANGEL5502/status/826813274339549189
coolcoolinfo;01/02/2017 13:15;0;0;Rayo fans protest against new signing Zozulya http:// dlvr.it/NG8pXY;;;;8,26811E+17;https://twitter.com/coolcoolinfo/status/826811303561814017
BhoysAbroad;01/02/2017 13:12;0;2;Quite a development. Ukrainian player loaned to #Rayo from #Betis changes mind as fans don't tolerate right wing bams. #VamosRayo #Zozulya https:// twitter.com/paulreidy67/st atus/826810018104229888 …;;;#Rayo #Betis #VamosRayo #Zozulya;8,26811E+17;https://twitter.com/BhoysAbroad/status/826810560448778240
paulreidy67;01/02/2017 13:10;4;8;"Fan power wins through as the Zozulya deal is off. The Ukrainian player claiming he doesn't want to play somewhere where he's not wanted"" pic.twitter.com/lu1MPjSelf""";;;;8,2681E+17;https://twitter.com/paulreidy67/status/826810018104229888
chuhaizhou;01/02/2017 13:10;0;0;Rayo fans protest against new signing Zozulya http:// ift.tt/2kRRUsP;;;;8,2681E+17;https://twitter.com/chuhaizhou/status/826809862998880256
staronline;01/02/2017 13:07;0;4;Rayo fans protest against new signing Zozulya http:// dlvr.it/NG8ZlP pic.twitter.com/KsaRvePDtb;;;;8,26809E+17;https://twitter.com/staronline/status/826809119436705793
English_AS;01/02/2017 13:02;21;16;"Rayo fans rail against signing of neo-Nazi"" Roman Zozulya http:// en.as.com/en/2017/02/01/ football/1485958080_485043.html … pic.twitter.com/2mvWFhJ7lZ""";;;;8,26808E+17;https://twitter.com/English_AS/status/826808039210622976
tweetsportsfeed;01/02/2017 13:02;0;1;Soccer-Rayo fans protest against new signing Zozulya (Reuters) https:// goo.gl/fb/wB9HHs #Soccer #Football;;;#Soccer #Football;8,26808E+17;https://twitter.com/tweetsportsfeed/status/826807932390080512
chuhaizhou;01/02/2017 13:02;0;0;dlvr - Rayo fans protest against new signing Zozulya http://www. channelnewsasia.com/news/sport/ray o-fans-protest-against-new-signing-zozulya/3484812.html?utm_source=dlvr.it&utm_medium=twitter …;;;;8,26808E+17;https://twitter.com/chuhaizhou/status/826807892275666944
linhlam;01/02/2017 13:02;0;0;Rayo fans protest against new signing Zozulya http:// dlvr.it/NG8T3R;;;;8,26808E+17;https://twitter.com/linhlam/status/826807877243318272
piarais91;01/02/2017 13:01;12;6;Incredible. Rayo Vallecano terminate loan of striker Roman Zozulya after 16 hours as fans protest over his support of far-right politics. https:// twitter.com/estadio_ed/sta tus/826796863609266181 …;;;;8,26808E+17;https://twitter.com/piarais91/status/826807731613003778
sportline247;01/02/2017 12:58;0;0;Rayo fans protest against new signing Zozulya http:// dlvr.it/NG8PvH pic.twitter.com/Ri0cDtA5tt;;;;8,26807E+17;https://twitter.com/sportline247/status/826807002592530432
Millar_Colin;01/02/2017 12:53;91;78;Incredible. Rayo Vallecano terminate loan of striker Roman Zozulya after 16 hours as fans protest over his support of far-right politics. https:// twitter.com/Estadio_ED/sta tus/826796863609266181 …;;;;8,26806E+17;https://twitter.com/Millar_Colin/status/826805786827509762
soccertour;01/02/2017 12:46;0;0;Soccer-Rayo fans protest against new signing Zozulya (Reuters) http:// owl.li/F7Mp5099Nuh;;;;8,26804E+17;https://twitter.com/soccertour/status/826804002583093249
PSungCuadrado;01/02/2017 12:44;0;0;"And now @diarioas reporting that #Zozulya is on his way back to Sevilla! @RealBetis sporting director: He's coming back to Sevilla for now""""";;@diarioas @RealBetis;#Zozulya;8,26804E+17;https://twitter.com/PSungCuadrado/status/826803532477108224
StarSport_my;01/02/2017 12:44;0;0;Rayo fans protest against new signing Zozulya http:// dlvr.it/NG87jn pic.twitter.com/3LHXEMH67M;;;;8,26803E+17;https://twitter.com/StarSport_my/status/826803379003273216
GeoffGillingham;01/02/2017 12:39;0;1;#Betis ' sporting director, Miguel Torrecilla, has confirmed that Roman Zozulya will not play for #Rayo and he will return to Seville. https:// twitter.com/eldesmarque_rb b/status/826797600275824640 …;;;#Betis #Rayo;8,26802E+17;https://twitter.com/GeoffGillingham/status/826802038826729478
PoliticsNext;01/02/2017 12:37;0;0;#Breaking Rayo fans protest against new signing Zozulya Read More : https:// in.news.yahoo.com/rayo-fans-prot est-against-signing-zozulya-142104651--sow.html …;;;#Breaking;8,26802E+17;https://twitter.com/PoliticsNext/status/826801567181451264
BerkleyBearNews;01/02/2017 12:36;0;0;Soccer-Rayo fans protest against new signing Zozulya http:// dlvr.it/NG7zVt;;;;8,26801E+17;https://twitter.com/BerkleyBearNews/status/826801419910991873
SportsRoadhouse;01/02/2017 12:35;0;0;#Soccer #Soccer Soccer-Rayo fans protest against new signing Zozulya (Reuters) http:// srhlink.com/NG7yK0 #SportsRoadhouse;;;#Soccer #Soccer #SportsRoadhouse;8,26801E+17;https://twitter.com/SportsRoadhouse/status/826801075906768896
sportmetweets;01/02/2017 12:35;0;0;Soccer-Rayo fans protest against new signing Zozulya (Reuters) http:// ift.tt/2krAMfM http://www. dcd-ag.com;;;;8,26801E+17;https://twitter.com/sportmetweets/status/826801071968358400
AficionadoYash;01/02/2017 12:33;0;0;Soccer-Rayo fans protest against new signing Zozulya;;;;8,26801E+17;https://twitter.com/AficionadoYash/status/826800597768732674
LiveNews24x7;01/02/2017 12:32;0;0;#BreakingNews Rayo fans protest against new signing Zozulya https:// in.news.yahoo.com/rayo-fans-prot est-against-signing-zozulya-142104651--sow.html …;;;#BreakingNews;8,268E+17;https://twitter.com/LiveNews24x7/status/826800338199928834
UKCelebrity;01/02/2017 12:27;0;0;Rayo Vallecano deadline day signing Roman Zozulya denies he is Ukrainian neo-Nazi after fans protest his arrival f… https://www. thesun.co.uk/sport/football /2757480/rayo-vallecano-deadline-day-signing-roman-zozulya-ukrainian-neo-nazi-fans-protest-real-betis/ …;;;;8,26799E+17;https://twitter.com/UKCelebrity/status/826799176294002688
simonhfootball;01/02/2017 12:26;0;0;Rayo fans have their voice heard. Roman Zozulya is being sent packing back to Betis... https:// twitter.com/estadio_ed/sta tus/826796863609266181 …;;;;8,26799E+17;https://twitter.com/simonhfootball/status/826798855408726017
PSungCuadrado;01/02/2017 11:10;0;0;So much for #Zozulya being a #Rayo player. He's already being insulted by fans on his way into the club (one of the most liberal in Spain). https:// twitter.com/marca/status/8 26777432598446080 …;;;#Zozulya #Rayo;8,2678E+17;https://twitter.com/PSungCuadrado/status/826779836194627584
footballespana_;01/02/2017 10:59;2;2;Plenty of anti Nazi graffiti has gone up across the Madrid suburb of Vallecas after #Rayo 's loan signing of Ukranian Roman Zozulya . https:// twitter.com/puntopelota/st atus/826774967643754496 …;;;#Rayo;8,26777E+17;https://twitter.com/footballespana_/status/826776928933797888
VAndriianov;01/02/2017 10:57;0;1;"Zozulya : I help the Ukrainian Army, which protects my country"" pic.twitter.com/wkBjREuAI4""";;;;8,26777E+17;https://twitter.com/VAndriianov/status/826776567116419072
robbiejdunne;01/02/2017 10:56;0;1;Zozulya 's representative said they are thinking about terminating the contact because he doesn't want to be somewhere he is not wanted.;;;;8,26776E+17;https://twitter.com/robbiejdunne/status/826776116258029572
5_Hot_news;01/02/2017 10:02;0;0;Spanish fans accused the Ukrainian footballer Zozulya fascism https:// goo.gl/fb/8BT635;;;;8,26763E+17;https://twitter.com/5_Hot_news/status/826762560313683970
paulreidy67;01/02/2017 09:54;3;7;Some background info (in English) relating to the Roman Zozulya move to Rayo & why the fans are angered by the signing #presaveteya https:// twitter.com/English_AS/sta tus/826580148497612800 …;;;#presaveteya;8,26761E+17;https://twitter.com/paulreidy67/status/826760643000795136
Za__VVP;01/02/2017 09:18;0;0;Hello from Crimea! Zozulya support Nazi who killed people on Donbass!;;;;8,26752E+17;https://twitter.com/Za__VVP/status/826751583161610240
Rus_Eng_News;01/02/2017 09:01;0;0;Spanish fans accused the Ukrainian footballer Zozulya in support of Nazism http://www. mk.ru/sport/2017/02/ 01/ispanskie-bolelshhiki-obvinili-ukrainskogo-futbolista-zozulyu-v-podderzhke-nacizma.html … #news #Russia;;;#news #Russia;8,26747E+17;https://twitter.com/Rus_Eng_News/status/826747297220481024
footballespana_;01/02/2017 08:28;1;2;#Rayo make controversial loan signing of #Betis striker Roman Zozulya with angry fans protesting at training http://www. football-espana.net/62663/rayo-mak e-controversial-zozulya-loan … pic.twitter.com/4IceeJUro8;;;#Rayo #Betis;8,26739E+17;https://twitter.com/footballespana_/status/826739052913295360
PSungCuadrado;01/02/2017 08:24;0;0;New signing for Rayo, Roman #Zozulya , called a far-right supporter, so Rayo almost cancelled his transfer. Had to issue a statement #LaLiga https:// twitter.com/partidazocope/ status/826570300800303104 …;;;#Zozulya #LaLiga;8,26738E+17;https://twitter.com/PSungCuadrado/status/826738049413414912
footballespana_;01/02/2017 08:04;4;3;"#Rayo fans protest at club's training ground after club sign Roman Zozulya Vallekas is not a place for nazis, you neither Presa. Get out!"" https:// twitter.com/UnionRayo/stat us/826732023972769792 …""";;;#Rayo;8,26733E+17;https://twitter.com/footballespana_/status/826732999798579200
Ghedin1878;01/02/2017 07:57;0;0;Doesn't make good reading about Zozulya those last Rt's.;;;;8,26731E+17;https://twitter.com/Ghedin1878/status/826731157383438336
robbiejdunne;01/02/2017 07:34;0;0;"This is an excellent summary of the is Zozulya a nazi?"" question... https:// twitter.com/betisclass/sta tus/826569152387280896 …""";;;;8,26725E+17;https://twitter.com/robbiejdunne/status/826725284992933889
Ghedin1878;01/02/2017 07:15;0;0;Zozulya to Rayo, given his supposed links a very strange move & Rayo's predominantly left leaning support unsurprisingly not took it well;;;;8,26721E+17;https://twitter.com/Ghedin1878/status/826720660244275200
paulreidy67;01/02/2017 07:10;0;0;not sure about Gómez Jackie been overshadowed by the acquisition last night of Ukrainian Román Zozulya for his politics;;;;8,26719E+17;https://twitter.com/paulreidy67/status/826719302359322624
turbine_power;01/02/2017 06:36;0;1;hey guys!)Best songs of Roman Zozulya https:// ua.tribuna.com/tribuna/blogs/ editors/1156774.html … pic.twitter.com/QPh2sZiLEq;;;;8,26711E+17;https://twitter.com/turbine_power/status/826710835972206592
paulreidy67;01/02/2017 05:03;5;3;So Rayo finally sign Ukrainian Román Zozulya on loan, a player with an alleged ultra right wing ideology & #PresaVefeYa is trending pic.twitter.com/ocQsBOt7Pk;;;#PresaVefeYa;8,26687E+17;https://twitter.com/paulreidy67/status/826687436197658624
Rus_Eng_News;01/02/2017 04:56;0;0;Roman Zozulya said fans of FC Rayo Vallecano, who accused him of Nazism: https:// life.ru/967392 pic.twitter.com/9fnG1kVnKl #news #Russia;;;#news #Russia;8,26686E+17;https://twitter.com/Rus_Eng_News/status/826685519732015104
LajnusLovgren;01/02/2017 04:01;0;3;Zozulya off to Rayo... Will miss him so much. I mean, who will be our waterboy now???;;;;8,26672E+17;https://twitter.com/LajnusLovgren/status/826671779498356736
POLSSacramento;01/02/2017 01:13;0;0;The Latest: Spanish side Rayo Vallecano signs Zozulya : The Latest on the final day of European soccer's transfer… http:// m.tbnn.it/NFvscL;;;;8,26629E+17;https://twitter.com/POLSSacramento/status/826629429174554626
SpecReplay;31/01/2017 23:16;0;0;The Latest: Spanish side Rayo Vallecano signs Zozulya http://www. thespec.com/sports-story/7 094241-the-latest-spanish-side-rayo-vallecano-signs-zozulya/ … pic.twitter.com/wIhfymNAVM;;;;8,266E+17;https://twitter.com/SpecReplay/status/826600116609966080
breaking_news_4;31/01/2017 23:03;0;0;The Latest: Spanish side Rayo Vallecano signs Zozulya http:// ift.tt/2jPnCs8;;;;8,26597E+17;https://twitter.com/breaking_news_4/status/826596816451932160
PoliticsNext;31/01/2017 22:57;0;0;#Breaking The Latest: Spanish side Rayo Vallecano signs Zozulya Read More : https:// in.news.yahoo.com/latest-europes -transfer-window-prepares-close-110429195.html …;;;#Breaking;8,26595E+17;https://twitter.com/PoliticsNext/status/826595222444445696
MarcusBr22;31/01/2017 22:48;1;0;Roman Zozulya will have a tough time in Rayo. One of the most politically aware supporters in Spain.;;;;8,26593E+17;https://twitter.com/MarcusBr22/status/826592947416211460
AP_Sports;31/01/2017 22:47;2;0;The Latest: Spanish side Rayo Vallecano signs Zozulya . http:// apne.ws/2jTb0R5;;;;8,26593E+17;https://twitter.com/AP_Sports/status/826592683388968961
TrendingTopicPK;31/01/2017 22:16;0;0;' Zozulya ' is now trending WorldWide, ranking 14 [01:01] https:// twitter.com/search?q=Zozul ya …;;;;8,26585E+17;https://twitter.com/TrendingTopicPK/status/826585009502957569
TrendingTopicPK;31/01/2017 22:16;0;0;' Zozulya ' is now trending WorldWide, ranking 14 [00:51] https:// twitter.com/search?q=Zozul ya …;;;;8,26585E+17;https://twitter.com/TrendingTopicPK/status/826585004734083072
English_AS;31/01/2017 21:57;4;4;Rayo Vallecano sign Zozulya following ideology controversy http:// en.as.com/en/2017/02/01/ football/1485905615_681997.html … pic.twitter.com/VqeC447DS3;;;;8,2658E+17;https://twitter.com/English_AS/status/826580148497612800
GoalChatter;31/01/2017 21:40;0;0;Now it's official! Forward Roman Zozulya joins Rayo. Hopefully he'll return to his top form. #DeadlineDay #TransferWindow https:// twitter.com/RVMOficial/sta tus/826565900266569729 …;;;#DeadlineDay #TransferWindow;8,26576E+17;https://twitter.com/GoalChatter/status/826575791265837058
GeoffGillingham;31/01/2017 21:27;0;1;After signing Roman Zozulya on loan from #Betis , #Rayo and the player have written a letter stating that he is not a neo-Nazi. Crazy stuff. https:// twitter.com/RVMOficial/sta tus/826566208426274816 …;;;#Betis #Rayo;8,26573E+17;https://twitter.com/GeoffGillingham/status/826572616265846785
simonhfootball;31/01/2017 21:21;1;0;Zozulya explains he was wearing a t-shirt of Ukraine's national crest, accompanied by some poetry - nothing more than that.;;;;8,26571E+17;https://twitter.com/simonhfootball/status/826571113056567296
simonhfootball;31/01/2017 21:20;1;0;New signing Roman Zozulya releases message to Rayo Vallecano fans, explaining a mix-up that saw him labelled as a neo-nazi sympathiser. https:// twitter.com/partidazocope/ status/826570300800303104 …;;;;8,26571E+17;https://twitter.com/simonhfootball/status/826570877877813249
robbiejdunne;31/01/2017 21:08;1;0;Zozulya signs for Rayo and pens a letter to the fans. He says his link to neonazis was a misunderstanding by a journalist.;;;;8,26568E+17;https://twitter.com/robbiejdunne/status/826567889910108162
LoveLaLiga;31/01/2017 21:05;0;2;Transfer market closed in Spain. Seems last move was Zozulya to Rayo on loan? All the moves here: http://www. soccer-spain.com/index.php #DeadlineDay;;;#DeadlineDay;8,26567E+17;https://twitter.com/LoveLaLiga/status/826567060708802560
ecanalla;31/01/2017 21:03;0;0;Blimey! I hadn't realized about all the idiocy surrounding Zozulya 's move to Rayo. People, huh?;;;;8,26567E+17;https://twitter.com/ecanalla/status/826566677898862594
NestorWatach;31/01/2017 21:03;0;0;what's Zozulya gone and done now?;;;;8,26566E+17;https://twitter.com/NestorWatach/status/826566488937099264
robbiejdunne;31/01/2017 20:51;0;0;Zozulya joins Rayo on loan until the end of the season according to @Raul_GranadoOCR;;@Raul_GranadoOCR;;8,26564E+17;https://twitter.com/robbiejdunne/status/826563706175766528
jtbongolino1;31/01/2017 20:14;6;5;Rayo Vallecano (playing 2nd spanish Division) Rejected Zozulya as he supports Pravyy Sector and Ukronazis https:// twitter.com/ibaitrebino/st atus/826546885481656320 …;;;;8,26554E+17;https://twitter.com/jtbongolino1/status/826554195650166786
wanderer1982;31/01/2017 19:57;0;0;Rayo very left wing, zozulya very nationalist with his view (not Nazi, but has somewhat right wing tendencies);;;;8,2655E+17;https://twitter.com/wanderer1982/status/826549921901842432
GoalChatter;31/01/2017 18:20;1;0;Now monitoring @RVMOficial for the Roman Zozulya announcement. #DeadlineDay #TransferWindow pic.twitter.com/qieVRbFjTi;;@RVMOficial;#DeadlineDay #TransferWindow;8,26526E+17;https://twitter.com/GoalChatter/status/826525531831156736
paulreidy67;31/01/2017 18:10;1;2;"Rayo apparently close to signing very, very ... ahem patriotic"" Ukrainian Román Zozulya and the fans are in meltdown.. pic.twitter.com/rtN0GMpKUP""";;;;8,26523E+17;https://twitter.com/paulreidy67/status/826523040641085441
Forjanes_AS;31/01/2017 17:39;1;0;Sources insists: Zozulya deal stands.;;;;8,26515E+17;https://twitter.com/Forjanes_AS/status/826515178313359362
robbiejdunne;31/01/2017 17:32;0;1;Don't know how true this is by Zozulya to Rayo is off because he was supposed to have posed with a nazi emblem when in Seville.;;;;8,26513E+17;https://twitter.com/robbiejdunne/status/826513474750668800
charlatanFT;31/01/2017 17:20;0;0;Zozulya is now trending topic in Spain. Get insights with Charlatan for Twitter. https:// appsto.re/us/5wf75.i;;;;8,2651E+17;https://twitter.com/charlatanFT/status/826510444324073472
simonhfootball;31/01/2017 16:50;1;0;Rayo's deal for Betis striker Roman Zozulya said to not be happening due to the fans believing that he clashes with their identity. https:// twitter.com/bukaneros92/st atus/826500332905717760 …;;;;8,26503E+17;https://twitter.com/simonhfootball/status/826502963233488898
robbiejdunne;31/01/2017 15:57;0;0;Zozulya has played six times for Betis this season. Got no goals and a yellow card in 6-1 thumping by Real Madrid.;;;;8,2649E+17;https://twitter.com/robbiejdunne/status/826489603163115521
robbiejdunne;31/01/2017 15:51;2;1;Rayo Vallecano set to sign striker Roman Zozulya from Real Betis according to @Forjanes_AS;;@Forjanes_AS;;8,26488E+17;https://twitter.com/robbiejdunne/status/826488076377657344
